Rk,Player,Age,Pos,G,GS,MP,FG,FGA,FG%,3P,3PA,3P%,2P,2PA,2P%,eFG%,FT,FTA,FT%,ORB,DRB,TRB,AST,STL,BLK,TOV,PF,PTS,Awards,Team
1.0,Trae Young,26.0,PG,76,76,36.0,7.4,18.1,0.411,2.9,8.4,0.34,4.6,9.7,0.474,0.491,6.5,7.4,0.875,0.5,2.6,3.1,11.6,1.2,0.2,4.7,1.9,24.2,,ATL
2.0,Jalen Johnson,23.0,SF,36,36,35.7,7.5,15.1,0.5,1.2,3.9,0.312,6.3,11.1,0.566,0.541,2.6,3.5,0.746,1.7,8.3,10.0,5.0,1.6,1.0,2.9,1.9,18.9,,ATL
3.0,Dyson Daniels,21.0,SG,76,76,33.8,6.0,12.1,0.493,1.1,3.1,0.34,4.9,9.1,0.545,0.536,1.1,1.8,0.593,1.6,4.3,5.9,4.4,3.0,0.7,2.0,2.3,14.1,,ATL
4.0,De'Andre Hunter,27.0,SF,37,4,28.8,6.1,13.3,0.461,2.6,6.7,0.393,3.5,6.6,0.531,0.56,4.1,4.8,0.858,0.7,3.2,3.9,1.5,0.8,0.1,1.6,2.4,19.0,,ATL
5.0,Onyeka Okongwu,24.0,C,74,40,27.9,5.2,9.2,0.567,0.6,2.0,0.324,4.6,7.2,0.634,0.602,2.2,2.9,0.759,3.0,5.9,8.9,2.3,0.9,0.9,1.2,2.6,13.4,,ATL
6.0,Jacob Toppin,24.0,SF,1,0,27.0,6.0,12.0,0.5,5.0,8.0,0.625,1.0,4.0,0.25,0.708,0.0,0.0,,1.0,3.0,4.0,2.0,0.0,0.0,1.0,0.0,17.0,,ATL
7.0,Caris LeVert,30.0,SG,26,0,26.6,5.6,11.6,0.482,1.8,5.2,0.338,3.8,6.3,0.6,0.558,2.0,2.8,0.722,0.7,3.0,3.7,2.9,0.9,0.5,1.0,2.0,14.9,,ATL
8.0,Bogdan Bogdanović,32.0,SG,24,0,24.9,3.5,9.3,0.371,1.8,6.1,0.301,1.6,3.3,0.5,0.469,1.3,1.4,0.882,0.5,2.3,2.8,2.0,0.8,0.3,1.5,2.4,10.0,,ATL
9.0,Zaccharie Risacher,19.0,SF,75,73,24.6,4.8,10.4,0.458,1.6,4.6,0.355,3.1,5.8,0.54,0.537,1.4,2.0,0.711,1.1,2.4,3.6,1.2,0.7,0.5,1.2,2.0,12.6,,ATL
10.0,Georges Niang,31.0,PF,28,2,23.0,4.3,9.7,0.441,2.7,6.6,0.413,1.6,3.1,0.5,0.581,0.8,1.0,0.793,0.5,2.5,3.0,1.6,0.4,0.3,1.2,2.6,12.1,,ATL
11.0,Terance Mann,28.0,SG,30,1,22.7,3.9,7.3,0.541,1.1,2.9,0.386,2.8,4.3,0.646,0.619,0.8,1.2,0.667,1.2,1.9,3.1,2.1,0.6,0.1,0.7,2.0,9.8,,ATL
12.0,Clint Capela,30.0,C,55,41,21.4,4.0,7.1,0.559,0.0,0.0,0.0,4.0,7.1,0.56,0.559,0.9,1.8,0.536,3.2,5.4,8.5,1.1,0.6,1.0,0.9,1.9,8.9,,ATL
13.0,Vit Krejci,24.0,PG,57,16,20.2,2.5,5.1,0.497,1.6,3.6,0.437,1.0,1.5,0.64,0.651,0.6,0.8,0.711,0.4,2.4,2.7,2.6,0.6,0.5,0.9,1.8,7.2,,ATL
14.0,Larry Nance Jr.,32.0,PF,24,3,19.3,3.3,6.5,0.516,1.4,3.2,0.447,1.9,3.3,0.582,0.626,0.4,0.5,0.692,1.0,3.3,4.3,1.6,0.8,0.5,0.7,1.5,8.5,,ATL
15.0,Garrison Mathews,28.0,SG,47,2,17.7,2.2,5.5,0.397,1.8,4.6,0.39,0.4,0.8,0.436,0.562,1.4,1.7,0.821,0.3,1.6,1.9,1.3,0.6,0.3,0.7,1.7,7.5,,ATL
16.0,Mouhamed Gueye,22.0,PF,33,28,16.2,2.2,5.2,0.421,0.6,2.5,0.259,1.5,2.7,0.567,0.482,1.0,1.3,0.762,1.3,2.9,4.2,0.8,0.8,1.0,0.5,1.7,6.0,,ATL
17.0,Keaton Wallace,25.0,PG,31,5,16.2,2.1,5.2,0.401,0.9,2.6,0.329,1.2,2.6,0.475,0.485,0.4,0.4,1.0,0.2,1.4,1.6,2.6,0.9,0.3,1.1,1.3,5.4,,ATL
18.0,David Roddy,23.0,PF,27,3,12.8,1.6,3.4,0.473,0.6,1.6,0.372,1.0,1.9,0.56,0.559,0.7,0.8,0.818,0.4,2.2,2.6,1.1,0.4,0.3,0.7,0.7,4.5,,ATL
19.0,Kobe Bufkin,21.0,SG,10,0,12.4,1.8,4.7,0.383,0.4,1.9,0.211,1.4,2.8,0.5,0.426,1.3,1.8,0.722,0.5,1.6,2.1,1.7,0.3,0.2,0.8,0.9,5.3,,ATL
20.0,Daeqwon Plowden,26.0,SG,6,0,12.0,2.7,4.2,0.64,1.5,2.8,0.529,1.2,1.3,0.875,0.82,0.3,0.3,1.0,0.7,1.2,1.8,0.3,0.0,0.0,0.7,1.7,7.2,,ATL
21.0,Dominick Barlow,21.0,SF,35,4,10.7,1.7,3.2,0.531,0.2,0.8,0.259,1.5,2.5,0.616,0.562,0.6,0.9,0.636,1.0,1.4,2.4,0.5,0.3,0.5,0.1,1.3,4.2,,ATL
,Team Totals,,,82,82,241.2,43.4,91.8,0.472,13.5,37.7,0.358,29.9,54.1,0.552,0.546,18.0,23.2,0.775,11.9,32.6,44.5,29.6,9.7,5.1,15.5,19.1,118.2,,ATL
1.0,Jayson Tatum,26.0,PF,72,72,36.4,9.2,20.3,0.452,3.5,10.1,0.343,5.7,10.2,0.559,0.537,5.0,6.1,0.814,0.7,8.0,8.7,6.0,1.1,0.5,2.9,2.2,26.8,,BOS
2.0,Jaylen Brown,28.0,SF,63,63,34.3,8.2,17.7,0.463,1.8,5.7,0.324,6.4,12.1,0.529,0.515,3.9,5.1,0.764,1.3,4.5,5.8,4.5,1.2,0.3,2.6,2.4,22.2,,BOS
3.0,Derrick White,30.0,SG,76,76,33.9,5.6,12.6,0.442,3.5,9.1,0.384,2.1,3.5,0.593,0.58,1.8,2.1,0.839,0.9,3.6,4.5,4.8,0.9,1.1,1.7,1.8,16.4,,BOS
4.0,Jrue Holiday,34.0,PG,62,62,30.6,4.1,9.2,0.443,1.7,4.9,0.353,2.4,4.3,0.547,0.538,1.1,1.2,0.909,1.2,3.0,4.3,3.9,1.1,0.4,1.2,1.6,11.1,,BOS
5.0,Kristaps Porziņģis,29.0,C,42,42,28.8,6.6,13.7,0.483,2.5,6.0,0.412,4.1,7.7,0.537,0.572,3.8,4.7,0.809,1.6,5.1,6.8,2.1,0.7,1.5,1.3,2.8,19.5,,BOS
6.0,Payton Pritchard,27.0,PG,80,3,28.4,5.1,10.8,0.472,3.2,7.8,0.407,1.9,3.0,0.642,0.62,0.9,1.1,0.845,1.3,2.6,3.8,3.5,0.9,0.2,1.0,1.5,14.3,,BOS
7.0,Al Horford,38.0,C,60,42,27.7,3.3,7.7,0.423,1.9,5.2,0.363,1.4,2.5,0.551,0.547,0.6,0.6,0.895,1.3,4.8,6.2,2.1,0.6,0.9,0.8,1.4,9.0,,BOS
8.0,Sam Hauser,27.0,PF,71,19,21.7,3.0,6.7,0.451,2.3,5.6,0.416,0.7,1.1,0.64,0.627,0.2,0.2,1.0,0.6,2.5,3.2,0.9,0.6,0.2,0.3,1.2,8.5,,BOS
9.0,Luke Kornet,29.0,C,73,16,18.6,2.6,3.8,0.668,0.0,0.0,0.0,2.6,3.8,0.675,0.668,0.9,1.3,0.691,2.6,2.7,5.3,1.6,0.5,1.0,0.4,1.6,6.0,,BOS
10.0,Neemias Queta,25.0,C,62,6,13.9,2.1,3.3,0.65,0.0,0.0,0.0,2.1,3.2,0.66,0.65,0.7,1.0,0.754,1.4,2.4,3.8,0.7,0.3,0.7,0.6,1.7,5.0,,BOS
11.0,Baylor Scheierman,24.0,SG,31,2,12.4,1.3,3.5,0.355,0.8,2.6,0.317,0.4,0.9,0.464,0.473,0.3,0.4,0.75,0.6,1.5,2.1,1.1,0.5,0.1,0.4,0.7,3.6,,BOS
12.0,Torrey Craig,34.0,SF,17,3,11.8,0.9,2.6,0.356,0.5,1.8,0.29,0.4,0.8,0.5,0.456,0.3,0.5,0.625,1.1,1.7,2.8,0.7,0.4,0.6,0.5,1.1,2.7,,BOS
13.0,Miles Norris,24.0,PF,3,0,11.7,0.7,3.0,0.222,0.7,2.3,0.286,0.0,0.7,0.0,0.333,0.3,0.7,0.5,0.7,2.3,3.0,0.0,0.7,0.3,0.0,0.0,2.3,,BOS
14.0,Jordan Walsh,20.0,PF,52,1,7.8,0.6,1.6,0.361,0.3,1.1,0.273,0.3,0.5,0.536,0.452,0.1,0.2,0.583,0.4,0.9,1.3,0.4,0.2,0.2,0.3,0.6,1.6,,BOS
15.0,Drew Peterson,25.0,PF,25,1,7.4,0.7,1.6,0.415,0.5,1.3,0.394,0.2,0.3,0.5,0.573,0.3,0.4,0.778,0.4,1.2,1.6,0.5,0.2,0.1,0.3,0.7,2.2,,BOS
16.0,Xavier Tillman Sr.,26.0,C,33,2,7.0,0.4,1.6,0.245,0.2,1.0,0.156,0.2,0.6,0.381,0.292,0.1,0.1,0.75,0.3,1.0,1.3,0.2,0.3,0.2,0.4,0.5,1.0,,BOS
17.0,JD Davison,22.0,PG,16,0,5.8,0.8,2.1,0.353,0.3,1.1,0.222,0.5,1.0,0.5,0.412,0.3,0.4,0.714,0.1,0.7,0.8,0.8,0.3,0.1,0.8,0.1,2.1,,BOS
18.0,Jaden Springer,22.0,SG,26,0,5.4,0.5,1.3,0.353,0.2,0.7,0.316,0.2,0.6,0.4,0.441,0.6,0.8,0.714,0.2,0.8,0.9,0.4,0.5,0.0,0.2,0.7,1.7,,BOS
,Team Totals,,,82,82,241.8,41.6,90.0,0.462,17.8,48.2,0.368,23.9,41.8,0.571,0.561,15.3,19.1,0.799,11.4,33.9,45.3,26.1,7.2,5.5,11.9,15.9,116.3,,BOS
1.0,Dennis Schröder,31.0,PG,23,23,33.6,6.4,14.1,0.452,2.5,6.5,0.387,3.9,7.6,0.509,0.542,3.1,3.5,0.889,0.2,2.8,3.0,6.6,1.1,0.2,2.6,2.4,18.4,,BRK
2.0,Cameron Johnson,28.0,PF,57,57,31.6,6.2,13.1,0.475,2.8,7.2,0.39,3.4,5.9,0.578,0.582,3.5,3.9,0.893,0.9,3.4,4.3,3.4,0.9,0.4,1.7,1.8,18.8,,BRK
3.0,Cam Thomas,23.0,SG,25,23,31.2,8.0,18.2,0.438,2.7,7.8,0.349,5.2,10.4,0.506,0.513,5.3,6.0,0.881,0.6,2.7,3.3,3.8,0.6,0.1,2.5,1.8,24.0,,BRK
4.0,Dorian Finney-Smith,31.0,PF,20,20,29.0,3.7,8.0,0.459,2.4,5.4,0.435,1.3,2.6,0.51,0.607,0.8,1.2,0.625,1.6,3.0,4.6,1.6,0.9,0.6,0.9,2.7,10.4,,BRK
5.0,Drew Timme,24.0,PF,9,2,28.2,5.0,11.3,0.441,1.0,3.9,0.257,4.0,7.4,0.537,0.485,1.1,1.8,0.625,1.9,5.3,7.2,2.2,0.4,0.1,1.7,2.3,12.1,,BRK
6.0,Killian Hayes,23.0,PG,6,5,27.0,3.0,7.2,0.419,1.3,3.5,0.381,1.7,3.7,0.455,0.512,1.7,2.0,0.833,0.8,2.2,3.0,5.2,0.7,0.7,1.5,2.2,9.0,,BRK
7.0,Nic Claxton,25.0,C,70,62,26.9,4.6,8.1,0.563,0.1,0.3,0.238,4.5,7.8,0.576,0.568,1.1,2.2,0.513,2.2,5.1,7.4,2.2,0.9,1.4,1.2,2.1,10.3,,BRK
8.0,Jalen Wilson,24.0,PF,79,22,25.7,3.1,7.8,0.397,1.5,4.6,0.337,1.6,3.3,0.481,0.495,1.7,2.1,0.818,0.9,2.5,3.4,1.8,0.5,0.1,1.0,2.1,9.5,,BRK
9.0,Ben Simmons,28.0,PG,33,24,25.0,2.8,5.2,0.547,0.0,0.0,,2.8,5.2,0.547,0.547,0.5,0.8,0.692,0.9,4.3,5.2,6.9,0.8,0.5,2.7,2.5,6.2,,BRK
10.0,D'Angelo Russell,28.0,PG,29,26,24.7,4.1,11.3,0.367,2.0,6.6,0.297,2.2,4.7,0.467,0.454,2.6,3.2,0.826,0.4,2.4,2.8,5.6,1.1,0.7,2.0,2.1,12.9,,BRK
11.0,Ziaire Williams,23.0,SF,63,45,24.5,3.4,8.3,0.412,1.6,4.8,0.341,1.8,3.5,0.509,0.511,1.6,2.0,0.821,1.0,3.6,4.6,1.3,1.0,0.4,1.1,2.4,10.0,,BRK
12.0,Keon Johnson,22.0,SG,79,56,24.4,3.8,9.9,0.389,1.6,5.1,0.314,2.2,4.8,0.468,0.47,1.4,1.8,0.77,0.8,3.0,3.8,2.2,1.0,0.4,1.5,2.6,10.6,,BRK
13.0,Tosan Evbuomwan,23.0,SF,28,0,23.8,3.4,7.9,0.427,0.9,2.8,0.312,2.5,5.1,0.49,0.482,2.0,2.6,0.753,1.1,3.1,4.3,2.0,0.9,0.4,1.4,2.0,9.5,,BRK
14.0,Noah Clowney,20.0,PF,46,20,22.7,2.9,8.1,0.358,1.9,5.7,0.333,1.0,2.4,0.414,0.474,1.5,1.7,0.838,0.9,3.0,3.9,0.9,0.5,0.5,1.0,2.3,9.1,,BRK
15.0,Tyrese Martin,25.0,SG,60,11,21.9,3.2,7.8,0.406,1.7,4.7,0.351,1.5,3.1,0.492,0.513,0.8,1.0,0.793,1.0,2.7,3.7,2.0,0.6,0.2,1.2,1.3,8.7,,BRK
16.0,Tyson Etienne,25.0,PG,7,0,21.6,2.4,7.4,0.327,1.9,6.3,0.295,0.6,1.1,0.5,0.452,1.1,1.4,0.8,0.4,0.9,1.3,1.7,0.4,0.1,1.1,2.4,7.9,,BRK
17.0,Trendon Watford,24.0,PF,44,6,20.8,3.7,8.0,0.469,0.7,2.0,0.33,3.1,6.0,0.515,0.51,2.1,2.8,0.762,0.8,2.8,3.6,2.6,0.6,0.3,1.9,2.2,10.2,,BRK
18.0,Shake Milton,28.0,SG,27,1,18.2,2.7,5.8,0.465,1.0,2.7,0.389,1.7,3.1,0.529,0.554,0.9,1.2,0.758,0.6,1.3,1.9,2.4,0.6,0.0,0.7,1.6,7.4,,BRK
19.0,Day'Ron Sharpe,23.0,C,50,2,18.1,3.3,6.3,0.521,0.2,0.9,0.244,3.1,5.4,0.566,0.538,1.1,1.5,0.757,3.0,3.6,6.6,1.8,0.8,0.8,1.3,2.3,7.9,,BRK
20.0,Maxwell Lewis,22.0,SF,21,1,14.2,2.0,4.9,0.422,0.9,2.4,0.38,1.1,2.5,0.462,0.515,0.3,0.5,0.7,0.8,1.8,2.5,0.8,0.4,0.3,0.6,1.3,5.3,,BRK
21.0,Reece Beekman,23.0,PG,34,4,13.7,1.0,3.1,0.321,0.2,1.2,0.175,0.8,1.9,0.409,0.354,0.5,0.6,0.762,0.4,0.8,1.1,1.8,0.9,0.1,0.6,1.0,2.7,,BRK
22.0,Dariq Whitehead,20.0,SF,20,0,12.3,2.0,4.8,0.406,1.7,3.7,0.446,0.3,1.1,0.273,0.578,0.2,0.3,0.6,0.2,1.3,1.5,0.6,0.3,0.1,0.8,1.1,5.7,,BRK
23.0,Cui Yongxi,21.0,SG,5,0,2.0,0.2,1.4,0.143,0.0,0.6,0.0,0.2,0.8,0.25,0.143,0.2,0.4,0.5,0.0,0.4,0.4,0.0,0.0,0.0,0.0,0.0,0.6,,BRK
24.0,Jaylen Martin,21.0,SF,3,0,1.7,0.3,0.7,0.5,0.3,0.3,1.0,0.0,0.3,0.0,0.75,0.0,0.0,,0.0,0.0,0.0,0.0,0.0,0.0,0.0,0.3,1.0,,BRK
,Team Totals,,,82,82,241.2,37.6,86.1,0.437,13.6,39.4,0.344,24.1,46.7,0.515,0.516,16.3,20.7,0.787,10.9,30.4,41.3,25.2,7.8,4.3,15.2,20.7,105.1,,BRK
1.0,Brandon Miller,22.0,SF,27,27,34.2,7.3,18.2,0.403,3.9,10.9,0.355,3.5,7.3,0.475,0.509,2.5,2.9,0.861,0.9,3.9,4.9,3.6,1.1,0.7,2.8,2.7,21.0,,CHO
2.0,LaMelo Ball,23.0,PG,47,47,32.0,8.6,21.3,0.405,3.8,11.2,0.339,4.8,10.1,0.478,0.494,4.1,4.9,0.843,1.0,3.9,4.9,7.4,1.1,0.3,3.6,3.3,25.2,,CHO
3.0,Miles Bridges,26.0,PF,64,64,31.7,7.3,17.0,0.431,2.2,7.0,0.313,5.1,10.0,0.513,0.495,3.5,4.0,0.87,1.1,6.4,7.5,3.9,0.7,0.7,2.1,1.5,20.3,,CHO
4.0,Grant Williams,26.0,PF,16,7,29.9,3.4,7.7,0.439,1.7,4.6,0.365,1.7,3.1,0.551,0.549,1.9,2.3,0.838,1.1,4.0,5.1,2.3,1.1,0.8,1.8,2.9,10.4,,CHO
5.0,Josh Green,24.0,SG,68,67,27.8,2.6,6.2,0.428,1.4,3.6,0.391,1.2,2.5,0.48,0.543,0.7,1.1,0.681,0.8,1.7,2.5,1.6,1.1,0.2,1.0,2.4,7.4,,CHO
6.0,Mark Williams,23.0,C,44,41,26.6,6.1,10.2,0.604,0.0,0.1,0.0,6.1,10.1,0.609,0.604,3.0,3.7,0.804,3.0,7.2,10.2,2.5,0.7,1.2,1.6,2.4,15.3,,CHO
7.0,Cody Martin,29.0,SF,39,8,24.8,3.0,6.9,0.433,1.0,3.2,0.323,1.9,3.7,0.528,0.507,0.9,1.3,0.694,1.0,3.5,4.5,2.3,1.1,0.7,1.1,1.8,7.8,,CHO
8.0,Damion Baugh,24.0,SG,15,2,24.7,2.8,8.7,0.323,0.8,3.7,0.214,2.0,4.9,0.405,0.369,0.9,1.0,0.867,0.9,2.4,3.3,3.7,1.0,0.1,2.1,1.5,7.3,,CHO
9.0,Tre Mann,23.0,PG,13,0,24.5,5.4,12.4,0.435,1.8,4.6,0.4,3.5,7.8,0.455,0.509,1.5,1.6,0.905,0.9,2.0,2.9,3.0,0.5,0.3,1.9,1.8,14.1,,CHO
10.0,KJ Simpson,22.0,PG,36,15,23.4,2.9,8.4,0.346,0.9,3.6,0.254,2.0,4.8,0.415,0.4,1.1,1.4,0.82,1.1,1.9,3.0,3.1,0.9,0.2,1.6,1.6,7.8,,CHO
11.0,DaQuan Jeffries,27.0,SG,47,20,22.8,2.5,6.2,0.405,1.2,3.5,0.335,1.3,2.7,0.496,0.5,0.5,0.6,0.8,0.8,2.1,2.9,1.1,0.6,0.5,0.7,2.1,6.7,,CHO
12.0,Nick Smith Jr.,20.0,SG,60,27,22.8,3.7,9.5,0.391,1.7,5.1,0.34,2.0,4.4,0.45,0.482,0.7,0.8,0.935,0.2,1.9,2.1,2.4,0.3,0.1,1.4,1.3,9.9,,CHO
13.0,Vasilije Micić,31.0,PG,36,16,21.2,2.6,7.6,0.348,1.3,3.5,0.36,1.4,4.1,0.338,0.43,0.9,1.1,0.829,0.6,1.9,2.4,3.5,0.4,0.0,2.1,1.2,7.5,,CHO
14.0,Nick Richards,27.0,C,21,9,21.0,3.0,5.4,0.561,0.0,0.0,0.0,3.0,5.4,0.566,0.561,2.8,4.1,0.678,2.4,5.1,7.5,1.3,0.3,1.2,1.6,2.3,8.9,,CHO
15.0,Tidjane Salaün,19.0,PF,60,10,20.7,1.9,5.8,0.33,1.0,3.4,0.283,0.9,2.3,0.4,0.414,1.1,1.6,0.713,1.2,3.5,4.7,1.2,0.5,0.2,1.0,1.4,5.9,,CHO
16.0,Elfrid Payton,30.0,PG,6,2,20.5,0.5,3.5,0.143,0.0,0.0,,0.5,3.5,0.143,0.143,0.0,0.0,,0.2,2.0,2.2,3.3,1.0,0.5,1.2,2.0,1.0,,CHO
17.0,Marcus Garrett,26.0,SG,4,0,19.8,2.8,6.8,0.407,0.8,2.0,0.375,2.0,4.8,0.421,0.463,0.8,1.0,0.75,0.3,1.3,1.5,3.3,0.8,0.5,1.5,2.5,7.0,,CHO
18.0,Jaylen Sims,26.0,SG,6,0,18.7,2.0,4.7,0.429,1.0,2.5,0.4,1.0,2.2,0.462,0.536,2.0,2.5,0.8,0.5,0.5,1.0,2.0,0.5,0.2,1.3,1.7,7.0,,CHO
19.0,Josh Okogie,26.0,SG,15,6,18.3,2.5,6.5,0.388,1.1,3.3,0.32,1.5,3.2,0.458,0.469,2.7,3.5,0.774,0.9,1.9,2.7,1.3,1.8,0.5,1.0,1.3,8.9,,CHO
20.0,Jusuf Nurkić,30.0,C,26,9,18.1,3.6,7.3,0.497,0.5,1.8,0.283,3.1,5.5,0.566,0.532,1.4,2.3,0.627,1.5,5.0,6.5,2.6,0.7,0.7,1.5,2.0,9.2,,CHO
21.0,Wendell Moore Jr.,23.0,SG,16,0,17.5,2.3,4.8,0.474,0.6,1.7,0.37,1.6,3.1,0.531,0.539,0.3,0.5,0.625,1.2,2.0,3.2,1.2,0.6,0.1,1.1,1.0,5.4,,CHO
22.0,Moussa Diabaté,23.0,C,71,8,17.5,2.4,3.9,0.596,0.0,0.1,0.0,2.4,3.9,0.609,0.596,1.0,1.6,0.595,2.6,3.5,6.2,0.8,0.6,0.6,0.9,1.5,5.7,,CHO
23.0,Seth Curry,34.0,SG,68,14,15.6,2.4,5.0,0.478,1.2,2.7,0.456,1.2,2.4,0.503,0.599,0.5,0.6,0.846,0.4,1.3,1.7,0.9,0.4,0.1,0.5,0.9,6.5,,CHO
24.0,Isaiah Wong,24.0,SG,20,0,13.3,2.1,5.3,0.39,0.7,1.7,0.394,1.4,3.6,0.389,0.452,1.3,1.7,0.735,0.7,0.9,1.6,1.4,0.6,0.0,0.9,1.1,6.0,,CHO
25.0,Taj Gibson,39.0,C,37,11,11.1,1.3,2.6,0.495,0.0,0.1,0.5,1.2,2.5,0.495,0.5,0.3,0.5,0.6,1.4,1.9,3.2,0.6,0.2,0.5,0.7,1.5,2.9,,CHO
26.0,Malachi Flynn,26.0,PG,4,0,11.0,1.3,3.3,0.385,0.3,1.0,0.25,1.0,2.3,0.444,0.423,1.3,1.5,0.833,0.8,1.0,1.8,1.8,0.8,0.0,1.0,1.0,4.0,,CHO
27.0,Jared Rhoden,25.0,SG,4,0,3.0,0.5,2.0,0.25,0.0,0.5,0.0,0.5,1.5,0.333,0.25,0.0,0.0,,0.5,0.5,1.0,0.5,0.3,0.0,0.3,0.3,1.0,,CHO
,Team Totals,,,82,82,240.9,38.3,89.1,0.43,13.0,38.3,0.339,25.3,50.8,0.499,0.503,15.5,19.8,0.783,12.2,33.0,45.2,24.3,7.4,4.5,15.5,18.7,105.1,,CHO
1.0,Zach LaVine,29.0,SF,42,42,34.1,8.6,16.9,0.511,3.2,7.3,0.446,5.4,9.6,0.56,0.607,3.5,4.3,0.797,0.3,4.5,4.8,4.5,0.9,0.2,2.9,1.5,24.0,,CHI
2.0,Coby White,24.0,SG,74,73,33.1,6.9,15.1,0.453,2.9,7.9,0.37,3.9,7.3,0.544,0.55,3.7,4.1,0.902,0.3,3.4,3.7,4.5,0.9,0.2,2.4,2.1,20.4,,CHI
3.0,Nikola Vučević,34.0,C,73,72,31.2,7.5,14.2,0.53,1.8,4.4,0.402,5.8,9.8,0.587,0.592,1.6,2.0,0.805,2.4,7.6,10.1,3.5,0.8,0.7,1.6,2.2,18.5,,CHI
4.0,Ayo Dosunmu,25.0,SG,46,26,30.3,4.8,9.8,0.492,1.3,4.1,0.328,3.5,5.7,0.612,0.561,1.3,1.7,0.785,0.6,2.9,3.5,4.5,0.9,0.4,1.5,2.3,12.3,,CHI
5.0,Josh Giddey,22.0,PG,70,69,30.2,5.3,11.4,0.465,1.5,4.0,0.378,3.8,7.4,0.512,0.531,2.5,3.2,0.781,1.8,6.3,8.1,7.2,1.2,0.6,2.9,1.7,14.6,,CHI
6.0,Kevin Huerter,26.0,SG,26,16,30.0,5.0,11.3,0.439,2.7,7.2,0.376,2.3,4.2,0.546,0.558,0.6,0.8,0.714,0.4,2.8,3.3,3.2,1.2,0.3,1.2,2.0,13.2,,CHI
7.0,Tre Jones,25.0,PG,18,9,25.3,4.6,8.1,0.572,0.6,1.2,0.5,4.0,6.8,0.585,0.61,1.7,1.9,0.882,0.9,2.3,3.2,4.9,1.1,0.3,0.8,1.2,11.5,,CHI
8.0,Patrick Williams,23.0,PF,63,36,25.0,3.3,8.2,0.397,1.5,4.3,0.353,1.7,3.9,0.447,0.49,1.0,1.3,0.723,0.7,3.1,3.8,2.0,0.8,0.5,1.4,1.4,9.0,,CHI
9.0,Lonzo Ball,27.0,PG,35,14,22.2,2.5,6.9,0.366,1.9,5.6,0.344,0.6,1.4,0.458,0.504,0.6,0.8,0.815,0.7,2.7,3.4,3.3,1.3,0.5,1.2,1.6,7.6,,CHI
10.0,Zach Collins,27.0,PF,28,8,19.7,3.3,6.1,0.541,0.6,2.1,0.3,2.6,3.9,0.673,0.594,1.4,1.5,0.884,2.3,4.4,6.7,2.1,0.5,0.5,1.3,2.2,8.6,,CHI
11.0,Matas Buzelis,20.0,SF,80,31,18.9,3.2,6.9,0.454,1.2,3.3,0.361,2.0,3.6,0.54,0.541,1.1,1.4,0.815,0.7,2.8,3.5,1.0,0.4,0.9,0.9,1.6,8.6,,CHI
12.0,Jalen Smith,24.0,C,64,2,15.0,3.0,6.4,0.466,1.1,3.5,0.324,1.8,2.9,0.634,0.554,1.1,1.4,0.809,1.4,4.2,5.6,1.0,0.3,0.7,0.6,1.5,8.2,,CHI
13.0,Julian Phillips,21.0,SF,79,5,14.2,1.6,3.6,0.446,0.6,1.9,0.327,1.0,1.7,0.582,0.533,0.8,1.0,0.789,0.8,1.3,2.1,0.5,0.5,0.3,0.3,1.4,4.6,,CHI
14.0,Dalen Terry,22.0,SG,73,5,13.5,1.6,3.7,0.448,0.5,1.4,0.356,1.1,2.2,0.506,0.517,0.7,0.9,0.71,0.5,1.2,1.7,1.3,0.6,0.2,0.7,1.6,4.5,,CHI
15.0,Torrey Craig,34.0,SF,9,1,12.6,2.4,5.0,0.489,1.7,3.9,0.429,0.8,1.1,0.7,0.656,0.3,0.4,0.75,0.9,1.9,2.8,0.6,0.2,0.1,0.0,1.7,6.9,,CHI
16.0,Talen Horton-Tucker,24.0,SG,58,0,12.5,2.3,5.0,0.457,0.7,2.1,0.336,1.6,2.9,0.544,0.527,1.2,1.7,0.735,0.3,1.4,1.7,1.4,0.4,0.2,0.7,1.0,6.5,,CHI
17.0,Jevon Carter,29.0,PG,36,1,8.9,1.5,4.1,0.377,1.0,2.9,0.333,0.6,1.1,0.488,0.497,0.2,0.3,0.8,0.1,1.0,1.1,1.1,0.4,0.1,0.3,0.4,4.3,,CHI
18.0,Adama Sanogo,22.0,C,4,0,5.3,1.0,1.8,0.571,0.0,0.0,,1.0,1.8,0.571,0.571,0.0,0.0,,1.3,0.3,1.5,0.3,0.0,0.0,0.3,0.3,2.0,,CHI
19.0,Jahmir Young,24.0,PG,6,0,5.0,0.7,0.8,0.8,0.2,0.3,0.5,0.5,0.5,1.0,0.9,0.3,0.3,1.0,0.2,0.3,0.5,1.0,0.0,0.0,0.2,0.3,1.8,,CHI
20.0,E.J. Liddell,24.0,PF,12,0,4.4,0.7,1.3,0.533,0.3,0.8,0.3,0.4,0.4,1.0,0.633,0.2,0.2,1.0,0.3,0.5,0.8,0.3,0.1,0.1,0.2,0.9,1.8,,CHI
21.0,Chris Duarte,27.0,SG,17,0,4.4,0.7,1.5,0.462,0.4,0.9,0.4,0.4,0.6,0.545,0.577,0.4,0.5,0.75,0.3,0.9,1.2,0.5,0.0,0.0,0.1,0.4,2.1,,CHI
22.0,Emanuel Miller,24.0,PF,6,0,4.2,0.7,1.3,0.5,0.0,0.2,0.0,0.7,1.2,0.571,0.5,0.3,0.3,1.0,0.7,0.7,1.3,0.3,0.2,0.0,0.0,0.5,1.7,,CHI
,Team Totals,,,82,82,240.9,43.2,92.0,0.47,15.4,42.0,0.367,27.8,50.0,0.556,0.553,16.0,19.7,0.809,10.1,35.8,45.9,29.1,7.6,4.7,14.7,17.6,117.8,,CHI
1.0,Donovan Mitchell,28.0,SG,71,71,31.4,8.2,18.6,0.443,3.3,8.9,0.368,5.0,9.7,0.512,0.531,4.2,5.1,0.823,0.8,3.7,4.5,5.0,1.3,0.2,2.1,2.0,24.0,,CLE
2.0,Darius Garland,25.0,PG,75,75,30.7,7.4,15.7,0.472,2.8,7.1,0.401,4.6,8.6,0.53,0.562,3.0,3.4,0.878,0.6,2.2,2.9,6.7,1.2,0.1,2.5,1.9,20.6,,CLE
3.0,Evan Mobley,23.0,PF,71,71,30.5,7.1,12.8,0.557,1.2,3.2,0.37,5.9,9.5,0.621,0.604,3.1,4.3,0.725,2.3,7.0,9.3,3.2,0.9,1.6,2.0,2.0,18.5,,CLE
4.0,Jarrett Allen,26.0,C,82,82,28.0,5.5,7.8,0.706,0.0,0.1,0.0,5.5,7.7,0.712,0.706,2.4,3.4,0.718,2.6,7.1,9.7,1.9,0.9,0.9,1.2,1.5,13.5,,CLE
5.0,Max Strus,28.0,SF,50,37,25.5,3.3,7.5,0.442,2.3,5.9,0.386,1.0,1.6,0.65,0.594,0.6,0.7,0.824,1.1,3.3,4.3,3.2,0.5,0.2,1.1,2.1,9.4,,CLE
6.0,De'Andre Hunter,27.0,SF,27,5,25.0,4.9,10.0,0.485,2.2,5.2,0.426,2.6,4.8,0.55,0.596,2.4,2.9,0.821,0.6,3.6,4.2,1.3,0.7,0.3,0.9,2.5,14.3,,CLE
7.0,Caris LeVert,30.0,SF,38,3,23.8,3.6,7.8,0.453,1.6,3.9,0.405,2.0,3.9,0.5,0.554,1.5,2.2,0.699,0.6,2.2,2.8,3.7,0.9,0.5,1.3,1.3,10.2,,CLE
8.0,Dean Wade,28.0,PF,59,30,21.2,1.9,4.6,0.413,1.4,3.8,0.36,0.5,0.8,0.653,0.561,0.3,0.5,0.533,0.9,3.4,4.2,1.3,0.7,0.3,0.4,1.7,5.4,,CLE
9.0,Georges Niang,31.0,PF,51,1,20.6,3.3,6.8,0.477,1.8,4.4,0.4,1.5,2.4,0.618,0.606,0.5,0.6,0.793,0.7,3.0,3.7,1.3,0.3,0.1,0.9,2.5,8.7,,CLE
10.0,Ty Jerome,27.0,SG,70,3,19.9,4.6,8.8,0.516,1.6,3.6,0.439,3.0,5.2,0.57,0.606,1.8,2.1,0.872,0.7,1.8,2.5,3.4,1.1,0.0,1.3,1.5,12.5,,CLE
11.0,Sam Merrill,28.0,SG,71,4,19.7,2.4,6.0,0.406,1.9,5.2,0.372,0.5,0.8,0.625,0.567,0.4,0.4,0.966,0.5,1.7,2.2,1.5,0.7,0.2,0.5,1.7,7.2,,CLE
12.0,Isaac Okoro,24.0,SG,55,22,19.1,2.3,4.9,0.464,1.0,2.7,0.371,1.2,2.1,0.586,0.569,0.6,0.8,0.717,0.9,1.5,2.4,1.2,0.6,0.3,0.4,1.9,6.1,,CLE
13.0,Nae'Qwan Tomlin,24.0,PF,5,1,12.6,2.6,6.4,0.406,0.4,2.0,0.2,2.2,4.4,0.5,0.438,1.6,2.2,0.727,1.8,2.4,4.2,0.4,0.0,0.2,0.4,1.8,7.2,,CLE
14.0,Chuma Okeke,26.0,PF,2,0,12.5,1.0,3.5,0.286,0.5,3.0,0.167,0.5,0.5,1.0,0.357,0.0,0.0,,0.5,1.5,2.0,1.0,0.0,0.5,0.0,0.0,2.5,,CLE
15.0,Craig Porter Jr.,24.0,PG,51,1,10.1,1.4,2.7,0.514,0.4,0.9,0.438,1.0,1.8,0.554,0.589,0.5,0.6,0.719,0.4,0.9,1.3,1.4,0.3,0.3,0.7,0.5,3.7,,CLE
16.0,Jaylon Tyson,22.0,SG,47,3,9.6,1.4,3.2,0.43,0.4,1.2,0.345,0.9,1.9,0.484,0.497,0.4,0.5,0.792,0.8,1.3,2.0,0.9,0.3,0.1,0.6,1.1,3.6,,CLE
17.0,Javonte Green,31.0,SG,18,1,9.2,1.3,3.5,0.365,0.4,1.8,0.242,0.8,1.7,0.5,0.429,0.3,0.6,0.5,0.6,1.7,2.2,0.6,0.6,0.1,0.2,1.2,3.3,,CLE
18.0,Tristan Thompson,33.0,C,40,0,8.2,0.8,1.8,0.437,0.0,0.1,0.0,0.8,1.7,0.456,0.437,0.2,0.8,0.233,0.8,2.6,3.4,0.6,0.1,0.3,0.4,0.9,1.7,,CLE
19.0,Emoni Bates,21.0,SF,10,0,7.5,1.3,3.8,0.342,1.1,3.0,0.367,0.2,0.8,0.25,0.487,0.0,0.0,,0.0,0.7,0.7,0.8,0.1,0.1,0.2,0.4,3.7,,CLE
20.0,Luke Travers,23.0,SG,12,0,7.3,0.4,1.7,0.25,0.0,0.8,0.0,0.4,0.9,0.455,0.25,0.2,0.2,1.0,0.7,1.0,1.7,0.7,0.1,0.1,0.7,0.5,1.0,,CLE
21.0,JT Thor,22.0,PF,9,0,4.7,1.0,1.7,0.6,0.3,0.7,0.5,0.7,1.0,0.667,0.7,0.8,0.9,0.875,0.3,0.3,0.7,0.1,0.2,0.3,0.7,0.7,3.1,,CLE
,Team Totals,,,82,82,240.9,44.5,90.8,0.491,15.9,41.5,0.383,28.6,49.3,0.581,0.578,17.0,21.9,0.776,11.2,34.2,45.4,28.1,8.2,4.3,13.2,18.1,121.9,,CLE
1.0,Kyrie Irving,32.0,SG,50,50,36.1,8.9,18.9,0.473,2.9,7.2,0.401,6.1,11.7,0.517,0.549,3.9,4.3,0.916,1.2,3.6,4.8,4.6,1.3,0.5,2.2,2.0,24.7,,DAL
2.0,Luka Dončić,25.0,PG,22,22,35.7,9.8,21.2,0.464,3.4,9.6,0.354,6.4,11.5,0.555,0.544,5.1,6.6,0.767,0.7,7.6,8.3,7.8,2.0,0.4,3.4,2.6,28.1,,DAL
3.0,P.J. Washington,26.0,PF,57,56,32.2,5.3,11.7,0.453,1.6,4.2,0.381,3.7,7.5,0.493,0.521,2.5,3.5,0.722,1.4,6.3,7.8,2.3,1.1,1.1,2.1,2.3,14.7,,DAL
4.0,Max Christie,21.0,SG,32,11,30.4,3.9,9.4,0.411,1.7,4.7,0.364,2.2,4.7,0.457,0.502,1.8,2.0,0.862,0.4,3.8,4.2,2.5,0.9,0.3,1.5,1.3,11.2,,DAL
5.0,Anthony Davis,31.0,PF,9,9,29.6,7.8,16.9,0.461,0.8,3.3,0.233,7.0,13.6,0.516,0.484,3.7,5.3,0.688,1.7,8.4,10.1,4.4,0.6,2.2,2.2,1.8,20.0,,DAL
6.0,Naji Marshall,27.0,SF,69,31,27.8,5.2,10.3,0.508,0.9,3.2,0.275,4.4,7.2,0.611,0.551,1.9,2.3,0.813,1.1,3.7,4.8,3.0,1.0,0.2,1.6,1.6,13.2,,DAL
7.0,Klay Thompson,34.0,SF,72,72,27.3,5.0,12.2,0.412,3.0,7.7,0.391,2.0,4.5,0.448,0.535,0.9,1.0,0.905,0.6,2.8,3.4,2.0,0.7,0.4,1.2,1.1,14.0,,DAL
8.0,Spencer Dinwiddie,31.0,PG,79,30,27.0,3.6,8.6,0.416,1.4,4.1,0.334,2.2,4.5,0.492,0.496,2.5,3.1,0.802,0.2,2.4,2.6,4.4,0.9,0.2,1.3,1.5,11.0,,DAL
9.0,Dereck Lively II,20.0,C,36,29,23.1,3.7,5.3,0.702,0.0,0.0,,3.7,5.3,0.702,0.702,1.3,2.0,0.63,2.9,4.6,7.5,2.4,0.6,1.6,1.1,2.8,8.7,,DAL
10.0,Quentin Grimes,24.0,SG,47,12,22.8,3.6,7.8,0.463,1.7,4.3,0.398,1.9,3.5,0.543,0.573,1.3,1.7,0.765,0.6,3.2,3.8,2.1,0.7,0.2,1.3,1.7,10.2,,DAL
11.0,Kai Jones,24.0,C,12,6,21.7,5.1,6.1,0.836,0.1,0.3,0.333,5.0,5.8,0.857,0.842,1.2,1.7,0.7,2.1,4.5,6.6,1.3,0.8,0.8,0.7,2.3,11.4,,DAL
12.0,Daniel Gafford,26.0,C,57,31,21.5,5.0,7.1,0.702,0.0,0.0,,5.0,7.1,0.702,0.702,2.4,3.4,0.689,2.7,4.1,6.8,1.4,0.4,1.8,1.2,2.7,12.3,,DAL
13.0,Caleb Martin,29.0,SF,14,0,19.6,2.0,5.1,0.389,0.3,1.1,0.25,1.7,4.0,0.429,0.417,1.1,1.7,0.625,0.7,2.2,2.9,1.9,0.9,0.2,0.9,1.7,5.4,,DAL
14.0,Maxi Kleber,33.0,PF,34,4,18.7,1.1,2.8,0.385,0.4,1.4,0.265,0.7,1.4,0.511,0.453,0.5,0.6,0.762,0.7,2.1,2.8,1.3,0.3,0.5,0.7,1.9,3.0,,DAL
15.0,Dante Exum,29.0,PG,20,13,18.6,3.2,6.7,0.478,1.2,2.7,0.434,2.1,4.1,0.506,0.563,1.2,1.6,0.742,0.2,1.5,1.7,2.8,0.6,0.2,1.1,1.7,8.7,,DAL
16.0,Moses Brown,25.0,C,4,2,18.3,5.3,7.3,0.724,0.0,0.0,,5.3,7.3,0.724,0.724,1.3,1.5,0.833,2.0,5.8,7.8,0.5,1.0,0.8,1.3,2.8,11.8,,DAL
17.0,Jaden Hardy,22.0,SG,57,3,15.9,3.2,7.3,0.435,1.3,3.5,0.386,1.8,3.8,0.479,0.527,1.1,1.5,0.698,0.2,1.4,1.6,1.4,0.5,0.1,1.4,1.6,8.7,,DAL
18.0,Kessler Edwards,24.0,SF,40,18,15.2,1.7,3.4,0.496,0.6,1.4,0.407,1.1,2.0,0.556,0.578,0.3,0.3,0.923,0.6,2.3,2.9,1.1,0.5,0.5,0.4,1.6,4.2,,DAL
19.0,Brandon Williams,25.0,PG,33,3,14.8,3.0,5.7,0.521,0.7,1.8,0.4,2.2,3.9,0.578,0.585,1.7,2.0,0.833,0.4,1.4,1.8,2.3,0.7,0.2,1.2,1.0,8.3,,DAL
20.0,Olivier-Maxence Prosper,22.0,PF,52,4,11.2,1.3,3.3,0.402,0.2,1.0,0.235,1.1,2.4,0.472,0.437,0.9,1.5,0.645,0.8,1.6,2.4,0.8,0.5,0.1,0.3,0.5,3.9,,DAL
21.0,Dwight Powell,33.0,C,55,3,10.0,0.8,1.1,0.689,0.0,0.1,0.4,0.7,1.0,0.714,0.705,0.5,0.8,0.651,0.9,1.3,2.1,1.0,0.3,0.4,0.3,1.4,2.1,,DAL
22.0,Kylor Kelley,27.0,C,8,1,8.4,1.3,1.6,0.769,0.0,0.0,,1.3,1.6,0.769,0.769,0.5,0.8,0.667,1.0,1.6,2.6,0.3,0.0,0.3,0.1,1.0,3.0,,DAL
23.0,Markieff Morris,35.0,PF,7,0,5.9,0.7,3.1,0.227,0.3,1.9,0.154,0.4,1.3,0.333,0.273,0.0,0.0,,0.0,1.1,1.1,0.6,0.1,0.1,0.3,0.3,1.7,,DAL
24.0,Jazian Gortman,21.0,PG,16,0,3.6,0.6,1.4,0.391,0.3,0.7,0.364,0.3,0.8,0.417,0.478,0.1,0.3,0.5,0.1,0.3,0.3,0.4,0.1,0.1,0.3,0.6,1.5,,DAL
,Team Totals,,,82,82,240.6,42.0,87.7,0.479,12.4,34.2,0.364,29.5,53.6,0.552,0.549,17.8,23.1,0.77,10.1,33.0,43.0,25.2,7.8,5.4,14.0,17.8,114.2,,DAL
1.0,Nikola Jokić,29.0,C,70,70,36.7,11.2,19.5,0.576,2.0,4.7,0.417,9.3,14.8,0.627,0.627,5.2,6.4,0.8,2.9,9.9,12.7,10.2,1.8,0.6,3.3,2.3,29.6,,DEN
2.0,Jamal Murray,27.0,PG,67,67,36.1,7.9,16.7,0.474,2.3,5.9,0.393,5.6,10.8,0.518,0.543,3.3,3.7,0.886,0.7,3.2,3.9,6.0,1.4,0.5,2.1,1.9,21.4,,DEN
3.0,Christian Braun,23.0,SG,79,77,33.9,6.0,10.4,0.58,1.1,2.8,0.397,4.9,7.6,0.648,0.634,2.2,2.7,0.827,1.2,3.9,5.2,2.6,1.1,0.5,1.0,2.2,15.4,,DEN
4.0,Michael Porter Jr.,26.0,SF,77,77,33.7,6.9,13.6,0.504,2.5,6.4,0.395,4.4,7.3,0.599,0.596,1.9,2.5,0.768,1.8,5.2,7.0,2.1,0.6,0.5,1.4,2.0,18.2,,DEN
5.0,Aaron Gordon,29.0,PF,51,42,28.4,5.2,9.7,0.531,1.5,3.4,0.436,3.7,6.4,0.582,0.607,2.8,3.5,0.81,1.6,3.3,4.8,3.2,0.5,0.3,1.4,1.6,14.7,,DEN
6.0,Russell Westbrook,36.0,PG,75,36,27.9,5.0,11.1,0.449,1.3,3.9,0.323,3.7,7.2,0.517,0.505,2.1,3.1,0.661,1.4,3.6,4.9,6.1,1.4,0.5,3.2,2.5,13.3,,DEN
7.0,Peyton Watson,22.0,SF,68,18,24.4,3.0,6.3,0.477,0.7,2.0,0.353,2.3,4.3,0.534,0.533,1.4,2.0,0.693,0.7,2.7,3.4,1.4,0.7,1.4,0.8,1.8,8.1,,DEN
8.0,Julian Strawther,22.0,SG,65,4,21.3,3.2,7.5,0.432,1.4,4.1,0.349,1.8,3.3,0.535,0.529,1.1,1.4,0.822,0.3,1.9,2.2,1.3,0.6,0.2,0.9,2.3,9.0,,DEN
9.0,Jalen Pickett,25.0,SG,49,4,13.6,1.6,3.7,0.428,0.8,2.1,0.396,0.8,1.6,0.468,0.539,0.1,0.2,0.75,0.3,1.1,1.4,2.2,0.4,0.1,0.5,0.8,4.1,,DEN
10.0,Dario Šarić,30.0,C,16,4,13.1,1.3,3.6,0.362,0.4,1.6,0.269,0.9,2.0,0.438,0.422,0.4,0.6,0.7,0.9,2.3,3.1,1.4,0.4,0.1,0.9,1.2,3.5,,DEN
11.0,DeAndre Jordan,36.0,C,56,5,12.3,1.6,2.5,0.65,0.0,0.0,,1.6,2.5,0.65,0.65,0.5,1.1,0.422,1.5,3.6,5.1,0.9,0.3,0.5,0.7,1.3,3.7,,DEN
12.0,Zeke Nnaji,24.0,PF,57,4,10.7,1.2,2.5,0.496,0.3,0.9,0.327,0.9,1.6,0.596,0.557,0.5,0.8,0.614,0.6,1.0,1.6,0.4,0.4,0.7,0.2,1.1,3.2,,DEN
13.0,Vlatko Čančar,27.0,PF,13,0,10.5,0.8,2.0,0.385,0.3,1.2,0.267,0.5,0.8,0.545,0.462,0.0,0.0,,0.5,2.0,2.5,0.7,0.2,0.2,0.8,0.8,1.8,,DEN
14.0,Hunter Tyson,24.0,PF,51,2,7.8,0.9,2.4,0.375,0.5,1.5,0.311,0.4,0.9,0.478,0.471,0.4,0.5,0.75,0.5,1.0,1.5,0.4,0.2,0.1,0.3,0.9,2.6,,DEN
15.0,Spencer Jones,23.0,SF,20,0,6.3,0.6,1.7,0.324,0.1,0.9,0.059,0.5,0.9,0.588,0.338,0.2,0.2,1.0,0.4,0.5,0.9,0.3,0.3,0.3,0.3,0.9,1.3,,DEN
16.0,Trey Alexander,21.0,SG,24,0,4.9,0.5,1.7,0.317,0.1,0.7,0.176,0.4,1.0,0.417,0.354,0.1,0.2,0.75,0.0,0.5,0.5,0.5,0.1,0.0,0.2,0.4,1.3,,DEN
17.0,PJ Hall,22.0,C,19,0,3.5,0.7,1.3,0.583,0.1,0.4,0.25,0.6,0.8,0.75,0.625,0.2,0.2,0.75,0.3,0.8,1.2,0.2,0.0,0.2,0.1,0.6,1.7,,DEN
,Team Totals,,,82,82,242.1,45.4,89.8,0.506,12.0,31.9,0.376,33.4,57.8,0.578,0.573,17.9,23.3,0.77,11.2,34.5,45.7,31.0,8.0,4.9,14.3,17.6,120.8,,DEN
1.0,Cade Cunningham,23.0,PG,70,70,35.0,9.8,20.8,0.469,2.1,6.0,0.356,7.6,14.8,0.515,0.521,4.5,5.3,0.846,0.8,5.3,6.1,9.1,1.0,0.8,4.4,2.8,26.1,,DET
2.0,Tobias Harris,32.0,PF,73,73,31.6,5.3,11.0,0.477,1.2,3.6,0.345,4.0,7.4,0.542,0.534,2.0,2.3,0.861,0.9,5.0,5.9,2.2,1.0,0.8,1.2,1.9,13.7,,DET
3.0,Jaden Ivey,22.0,SG,30,30,29.9,6.3,13.8,0.46,2.1,5.1,0.409,4.2,8.6,0.49,0.536,2.8,3.9,0.733,1.3,2.8,4.1,4.0,0.9,0.4,3.0,2.2,17.6,,DET
4.0,Tim Hardaway Jr.,32.0,SG,77,77,28.0,3.6,8.8,0.406,2.2,5.9,0.368,1.4,2.9,0.484,0.529,1.6,1.9,0.855,0.2,2.1,2.4,1.6,0.5,0.1,0.6,1.2,11.0,,DET
5.0,Malik Beasley,28.0,SG,82,18,27.8,5.6,13.1,0.43,3.9,9.3,0.416,1.7,3.7,0.466,0.579,1.2,1.7,0.679,0.6,2.0,2.6,1.7,0.9,0.1,1.0,1.5,16.3,,DET
6.0,Jalen Duren,21.0,C,78,78,26.1,4.8,7.0,0.692,0.0,0.0,,4.8,7.0,0.692,0.692,2.1,3.1,0.669,3.6,6.8,10.3,2.7,0.7,1.1,1.7,3.2,11.8,,DET
7.0,Dennis Schröder,31.0,PG,28,8,25.2,3.4,9.0,0.378,1.1,3.8,0.302,2.3,5.2,0.434,0.442,2.9,3.4,0.833,0.5,2.2,2.6,5.3,0.5,0.2,1.3,2.0,10.8,,DET
8.0,Ausar Thompson,22.0,SF,59,48,22.5,4.2,7.8,0.535,0.2,0.8,0.224,4.0,7.0,0.572,0.547,1.5,2.4,0.641,1.9,3.3,5.1,2.3,1.7,0.7,1.4,2.8,10.1,,DET
9.0,Tolu Smith,24.0,PF,1,0,22.0,6.0,9.0,0.667,0.0,0.0,,6.0,9.0,0.667,0.667,2.0,3.0,0.667,4.0,4.0,8.0,0.0,0.0,0.0,2.0,3.0,14.0,,DET
10.0,Isaiah Stewart,23.0,C,72,4,19.9,2.4,4.4,0.559,0.2,0.7,0.321,2.2,3.6,0.607,0.586,0.9,1.2,0.759,1.8,3.7,5.5,1.7,0.4,1.4,0.9,2.5,6.0,,DET
11.0,Ron Harper Jr.,24.0,SF,1,0,17.0,1.0,8.0,0.125,0.0,6.0,0.0,1.0,2.0,0.5,0.125,2.0,2.0,1.0,4.0,3.0,7.0,2.0,0.0,0.0,0.0,0.0,4.0,,DET
12.0,Simone Fontecchio,29.0,SF,75,0,16.5,2.0,5.0,0.402,1.0,3.0,0.335,1.0,1.9,0.507,0.504,0.9,1.1,0.833,0.7,2.2,2.9,0.9,0.4,0.2,0.7,1.3,5.9,,DET
13.0,Ron Holland,19.0,SF,81,2,15.6,2.4,5.1,0.474,0.4,1.9,0.238,2.0,3.3,0.608,0.517,1.1,1.5,0.754,0.5,2.2,2.7,1.0,0.6,0.2,0.9,1.7,6.4,,DET
14.0,Marcus Sasser,24.0,PG,57,1,14.2,2.4,5.2,0.463,1.0,2.7,0.382,1.4,2.5,0.549,0.561,0.8,0.9,0.843,0.3,0.9,1.2,2.3,0.6,0.1,0.9,1.3,6.6,,DET
15.0,Wendell Moore Jr.,23.0,SG,20,1,11.0,1.2,2.5,0.46,0.2,0.7,0.286,1.0,1.8,0.528,0.5,0.7,0.7,0.929,0.6,1.7,2.2,1.2,0.5,0.2,0.5,0.8,3.2,,DET
16.0,Paul Reed,25.0,C,45,0,9.7,1.6,3.2,0.507,0.2,0.6,0.286,1.4,2.5,0.561,0.535,0.7,0.9,0.762,0.9,1.8,2.7,1.0,0.9,0.6,0.6,1.7,4.1,,DET
17.0,Lindy Waters III,27.0,SG,14,0,8.8,1.1,3.1,0.364,1.1,2.7,0.395,0.1,0.4,0.167,0.534,0.0,0.0,,0.3,0.7,1.0,0.7,0.4,0.1,0.2,0.5,3.4,,DET
18.0,Cole Swider,25.0,SF,2,0,6.5,0.0,2.5,0.0,0.0,2.5,0.0,0.0,0.0,,0.0,0.0,0.0,,0.0,1.0,1.0,0.5,0.0,0.0,0.0,0.5,0.0,,DET
19.0,Bobi Klintman,21.0,SF,8,0,5.3,0.8,1.3,0.6,0.3,0.6,0.4,0.5,0.6,0.8,0.7,0.1,0.3,0.5,0.1,0.8,0.9,0.9,0.3,0.1,0.1,1.0,1.9,,DET
20.0,Alondes Williams,25.0,SG,1,0,4.0,2.0,2.0,1.0,1.0,1.0,1.0,1.0,1.0,1.0,1.25,0.0,0.0,,0.0,0.0,0.0,1.0,0.0,0.0,0.0,0.0,5.0,,DET
21.0,Daniss Jenkins,23.0,PG,7,0,3.3,0.4,1.4,0.3,0.1,1.0,0.143,0.3,0.4,0.667,0.35,0.0,0.3,0.0,0.0,0.3,0.3,0.4,0.0,0.0,0.1,0.3,1.0,,DET
,Team Totals,,,82,82,241.5,42.7,89.8,0.476,12.8,35.4,0.362,29.9,54.4,0.55,0.547,17.2,22.3,0.774,11.4,33.4,44.8,26.4,8.0,5.3,14.9,20.7,115.5,,DET
1.0,Jimmy Butler,35.0,SF,30,30,32.7,5.3,11.1,0.476,0.6,2.3,0.279,4.7,8.9,0.526,0.504,6.7,7.7,0.87,2.3,3.2,5.5,5.9,1.7,0.3,1.5,1.0,17.9,,GSW
2.0,Stephen Curry,36.0,PG,70,70,32.2,8.1,18.0,0.448,4.4,11.2,0.397,3.6,6.8,0.534,0.572,4.0,4.3,0.933,0.6,3.9,4.4,6.0,1.1,0.4,2.9,1.4,24.5,,GSW
3.0,Andrew Wiggins,29.0,SF,43,43,30.1,6.1,13.7,0.444,2.2,5.8,0.379,3.9,7.9,0.491,0.524,3.2,4.2,0.777,1.5,3.0,4.6,2.4,0.9,0.8,1.3,1.6,17.6,,GSW
4.0,Draymond Green,34.0,PF,68,66,29.2,3.2,7.5,0.424,1.2,3.6,0.325,2.0,3.9,0.517,0.503,1.5,2.2,0.687,1.1,5.0,6.1,5.6,1.5,1.0,2.6,3.2,9.0,,GSW
5.0,Brandin Podziemski,21.0,SG,64,33,26.8,4.4,9.8,0.445,1.8,4.8,0.372,2.6,5.0,0.516,0.537,1.1,1.5,0.758,1.0,4.1,5.1,3.4,1.1,0.2,1.2,1.5,11.7,,GSW
6.0,Dennis Schröder,31.0,SG,24,18,26.2,3.9,10.5,0.375,1.5,4.8,0.322,2.4,5.7,0.419,0.448,1.2,1.6,0.744,0.4,1.9,2.3,4.4,1.0,0.1,2.0,2.8,10.6,,GSW
7.0,Jonathan Kuminga,22.0,PF,47,10,24.3,5.5,12.1,0.454,1.0,3.2,0.305,4.5,8.9,0.508,0.495,3.3,5.0,0.668,1.2,3.4,4.6,2.2,0.8,0.4,1.5,1.9,15.3,,GSW
8.0,Buddy Hield,32.0,SG,82,22,22.7,4.0,9.6,0.417,2.5,6.7,0.37,1.5,2.9,0.527,0.546,0.6,0.8,0.828,0.6,2.6,3.2,1.6,0.8,0.3,1.1,1.6,11.1,,GSW
9.0,Moses Moody,22.0,SG,74,34,22.3,3.3,7.7,0.433,1.7,4.6,0.374,1.6,3.1,0.519,0.544,1.4,1.8,0.797,0.7,1.9,2.6,1.3,0.8,0.4,0.7,1.6,9.8,,GSW
10.0,De'Anthony Melton,26.0,SG,6,2,20.2,3.7,9.0,0.407,2.2,5.8,0.371,1.5,3.2,0.474,0.528,0.8,1.3,0.625,1.0,2.3,3.3,2.8,1.2,0.3,1.7,3.0,10.3,,GSW
11.0,Lindy Waters III,27.0,SG,38,9,17.2,2.0,5.4,0.371,1.3,3.9,0.331,0.7,1.5,0.474,0.49,0.2,0.3,0.727,0.4,2.1,2.5,1.1,0.6,0.3,0.4,1.4,5.5,,GSW
12.0,Quinten Post,24.0,PF,42,14,16.3,2.9,6.5,0.449,1.7,4.3,0.408,1.2,2.3,0.526,0.582,0.5,0.6,0.778,0.8,2.7,3.5,1.3,0.4,0.4,0.8,2.0,8.1,,GSW
13.0,Trayce Jackson-Davis,24.0,C,62,37,15.6,2.8,4.9,0.576,0.0,0.0,0.0,2.8,4.8,0.582,0.576,1.0,1.6,0.578,2.0,3.0,5.0,1.7,0.4,0.6,0.7,1.2,6.6,,GSW
14.0,Kevon Looney,28.0,C,76,6,15.0,1.9,3.7,0.514,0.0,0.1,0.4,1.9,3.6,0.516,0.518,0.7,1.3,0.566,2.4,3.6,6.1,1.6,0.6,0.5,0.5,2.0,4.5,,GSW
15.0,Gary Payton II,32.0,SG,62,11,15.0,2.8,4.8,0.574,0.5,1.5,0.326,2.3,3.3,0.69,0.626,0.4,0.6,0.711,0.9,2.1,3.0,1.3,0.8,0.3,0.6,1.7,6.5,,GSW
16.0,Kyle Anderson,31.0,PF,36,3,15.0,2.1,4.7,0.45,0.5,1.4,0.365,1.6,3.3,0.487,0.506,0.5,0.8,0.667,0.8,2.3,3.1,2.3,0.7,0.6,0.6,1.1,5.3,,GSW
17.0,Gui Santos,22.0,PF,56,2,13.6,1.5,3.2,0.458,0.6,1.8,0.33,0.9,1.4,0.632,0.553,0.5,0.8,0.69,1.3,1.8,3.1,1.4,0.4,0.2,0.8,1.6,4.1,,GSW
18.0,Jackson Rowe,28.0,PF,6,0,8.7,1.3,2.8,0.471,0.5,1.7,0.3,0.8,1.2,0.714,0.559,0.5,1.0,0.5,0.5,1.3,1.8,0.7,0.7,0.0,0.2,0.7,3.7,,GSW
19.0,Yuri Collins,23.0,PG,2,0,8.0,0.5,1.5,0.333,0.0,0.0,,0.5,1.5,0.333,0.333,0.0,0.0,,1.0,0.5,1.5,2.0,1.0,0.0,0.0,2.5,1.0,,GSW
20.0,Pat Spencer,28.0,PG,39,0,6.4,1.1,2.6,0.406,0.1,0.6,0.227,0.9,2.0,0.456,0.431,0.3,0.4,0.733,0.4,0.8,1.2,1.2,0.4,0.1,0.5,0.5,2.5,,GSW
21.0,Kevin Knox,25.0,SF,14,0,6.0,1.3,2.6,0.5,0.3,1.1,0.267,1.0,1.5,0.667,0.556,0.4,0.6,0.75,0.5,0.7,1.2,0.4,0.1,0.3,0.3,0.4,3.3,,GSW
22.0,Braxton Key,27.0,SF,3,0,3.7,0.0,1.3,0.0,0.0,0.3,0.0,0.0,1.0,0.0,0.0,1.0,2.0,0.5,0.3,0.3,0.7,0.0,0.7,0.0,0.3,0.0,1.0,,GSW
23.0,Reece Beekman,23.0,PG,2,0,2.0,0.5,0.5,1.0,0.0,0.0,,0.5,0.5,1.0,1.0,0.0,0.0,,0.5,0.0,0.5,0.5,0.5,0.0,0.0,0.5,1.0,,GSW
,Team Totals,,,82,82,240.6,40.8,90.4,0.451,15.4,42.4,0.364,25.3,48.0,0.528,0.536,16.9,22.1,0.764,12.5,32.8,45.4,29.1,9.4,4.8,14.0,19.2,113.8,,GSW
1.0,Fred VanVleet,30.0,PG,60,60,35.2,4.8,12.7,0.378,2.7,7.7,0.345,2.1,5.0,0.43,0.483,1.9,2.3,0.81,0.5,3.2,3.7,5.6,1.6,0.4,1.5,2.3,14.1,,HOU
2.0,Jalen Green,22.0,SG,82,82,32.9,7.4,17.5,0.423,2.9,8.1,0.354,4.6,9.5,0.482,0.505,3.3,4.1,0.813,0.5,4.0,4.6,3.4,0.9,0.3,2.5,1.5,21.0,,HOU
3.0,Amen Thompson,22.0,SF,69,42,32.2,5.6,10.1,0.557,0.4,1.3,0.275,5.3,8.8,0.599,0.575,2.4,3.6,0.684,2.8,5.4,8.2,3.8,1.4,1.3,2.0,2.4,14.1,,HOU
4.0,Dillon Brooks,29.0,SF,75,75,31.8,5.1,11.9,0.429,2.5,6.3,0.397,2.6,5.7,0.465,0.533,1.3,1.6,0.818,1.0,2.7,3.7,1.7,0.8,0.2,1.0,3.2,14.0,,HOU
5.0,Alperen Şengün,22.0,C,76,76,31.5,7.5,15.0,0.496,0.3,1.2,0.233,7.2,13.9,0.519,0.505,3.9,5.6,0.692,3.4,6.9,10.3,4.9,1.1,0.8,2.6,2.8,19.1,,HOU
6.0,Jabari Smith Jr.,21.0,PF,57,39,30.1,4.4,9.9,0.438,1.7,4.9,0.354,2.6,5.1,0.519,0.525,1.8,2.2,0.825,1.8,5.2,7.0,1.1,0.4,0.7,1.1,2.2,12.2,,HOU
7.0,Tari Eason,23.0,PF,57,16,24.9,4.8,9.8,0.487,1.1,3.2,0.342,3.7,6.6,0.557,0.543,1.4,1.8,0.76,2.2,4.1,6.4,1.5,1.7,0.9,1.1,2.4,12.0,,HOU
8.0,Cam Whitmore,20.0,SF,51,3,16.2,3.5,7.9,0.444,1.3,3.6,0.355,2.2,4.3,0.518,0.525,1.1,1.4,0.75,0.7,2.3,3.0,1.0,0.6,0.3,0.9,0.9,9.4,,HOU
9.0,Steven Adams,31.0,C,58,3,13.7,1.6,2.9,0.545,0.0,0.0,0.0,1.6,2.8,0.552,0.545,0.7,1.6,0.462,2.9,2.8,5.6,1.1,0.4,0.5,0.9,1.0,3.9,,HOU
10.0,Aaron Holiday,28.0,PG,62,3,12.8,1.9,4.3,0.437,1.2,2.9,0.398,0.7,1.4,0.517,0.571,0.5,0.7,0.829,0.2,1.0,1.3,1.3,0.3,0.2,0.6,1.0,5.5,,HOU
11.0,N'Faly Dante,23.0,C,4,0,12.8,2.5,3.3,0.769,0.0,0.0,,2.5,3.3,0.769,0.769,1.0,1.3,0.8,1.5,3.8,5.3,0.5,0.3,1.3,0.5,2.3,6.0,,HOU
12.0,Reed Sheppard,20.0,PG,52,3,12.6,1.6,4.6,0.351,0.9,2.7,0.338,0.7,1.9,0.371,0.452,0.3,0.3,0.813,0.3,1.2,1.5,1.4,0.7,0.3,0.7,1.0,4.4,,HOU
13.0,Jeff Green,38.0,PF,32,3,12.4,1.9,3.8,0.504,0.9,2.5,0.367,1.0,1.3,0.762,0.624,0.7,0.8,0.808,0.3,1.5,1.8,0.6,0.2,0.1,0.3,1.0,5.4,,HOU
14.0,Jock Landale,29.0,C,42,3,11.9,1.9,3.6,0.533,0.3,0.6,0.423,1.7,3.0,0.556,0.569,0.6,1.0,0.675,1.3,1.9,3.3,0.9,0.3,0.2,0.5,1.2,4.8,,HOU
15.0,David Roddy,23.0,PF,3,0,11.7,1.7,4.3,0.385,0.3,2.3,0.143,1.3,2.0,0.667,0.423,0.7,1.3,0.5,0.0,1.7,1.7,0.7,0.0,0.3,0.3,0.3,4.3,,HOU
16.0,Jae'Sean Tate,29.0,SF,52,2,11.3,1.3,2.8,0.473,0.3,0.9,0.348,1.0,2.0,0.529,0.527,0.6,0.9,0.681,1.0,1.3,2.3,0.9,0.5,0.1,0.4,1.6,3.6,,HOU
17.0,Jeenathan Williams,25.0,SG,20,0,7.4,1.4,3.1,0.435,0.3,1.3,0.231,1.1,1.8,0.583,0.484,0.3,0.4,0.625,0.3,0.4,0.7,0.5,0.4,0.2,0.7,0.8,3.3,,HOU
18.0,Jack McVeigh,28.0,PF,9,0,4.8,0.6,1.9,0.294,0.4,1.4,0.308,0.1,0.4,0.25,0.412,0.0,0.0,,0.2,0.3,0.6,0.1,0.0,0.2,0.2,0.3,1.6,,HOU
,Team Totals,,,82,82,241.2,42.5,93.4,0.455,12.7,35.8,0.353,29.8,57.6,0.518,0.523,16.7,22.6,0.738,14.6,33.8,48.5,23.3,8.4,5.0,13.9,19.0,114.3,,HOU
1.0,Tyrese Haliburton,24.0,PG,73,73,33.6,6.5,13.8,0.473,3.0,7.7,0.388,3.5,6.1,0.581,0.582,2.6,3.0,0.851,0.6,3.0,3.5,9.2,1.4,0.7,1.6,1.3,18.6,,IND
2.0,Pascal Siakam,30.0,PF,78,78,32.7,7.9,15.2,0.519,1.6,4.2,0.389,6.2,11.0,0.568,0.572,2.9,3.9,0.734,1.7,5.2,6.9,3.4,0.9,0.5,1.4,2.4,20.2,,IND
3.0,Myles Turner,28.0,C,72,72,30.2,5.4,11.3,0.481,2.2,5.5,0.396,3.3,5.8,0.561,0.577,2.6,3.3,0.773,1.3,5.3,6.5,1.5,0.8,2.0,1.7,2.5,15.6,,IND
4.0,Bennedict Mathurin,22.0,SF,72,49,29.8,5.4,11.8,0.458,1.4,4.0,0.34,4.1,7.8,0.519,0.516,3.8,4.6,0.831,1.2,4.1,5.3,1.9,0.7,0.3,1.9,2.3,16.1,,IND
5.0,Andrew Nembhard,25.0,SG,65,65,28.9,3.8,8.3,0.458,0.8,2.7,0.291,3.0,5.6,0.538,0.506,1.7,2.1,0.794,0.5,2.8,3.3,5.0,1.2,0.2,1.7,2.3,10.0,,IND
6.0,Aaron Nesmith,25.0,SF,45,37,25.0,4.3,8.4,0.507,1.9,4.3,0.431,2.4,4.1,0.587,0.617,1.6,1.8,0.913,0.8,3.1,4.0,1.2,0.8,0.4,0.8,2.5,12.0,,IND
7.0,Obi Toppin,26.0,PF,79,4,19.6,4.0,7.6,0.529,1.4,3.8,0.365,2.6,3.8,0.695,0.621,1.1,1.4,0.781,0.7,3.3,4.0,1.6,0.6,0.4,0.9,1.4,10.5,,IND
8.0,Ben Sheppard,23.0,SG,63,9,19.5,1.9,4.6,0.418,1.1,3.2,0.342,0.8,1.4,0.591,0.537,0.4,0.4,0.889,0.7,2.1,2.8,1.3,0.6,0.2,0.3,2.0,5.3,,IND
9.0,T.J. McConnell,32.0,PG,79,1,17.9,4.1,7.9,0.519,0.2,0.6,0.306,3.9,7.3,0.537,0.531,0.7,1.0,0.74,0.6,1.9,2.4,4.4,1.1,0.3,1.4,1.0,9.1,,IND
10.0,Isaiah Jackson,23.0,C,5,1,16.8,2.8,4.6,0.609,0.0,0.0,,2.8,4.6,0.609,0.609,1.4,2.8,0.5,2.2,3.4,5.6,1.0,0.6,1.6,1.0,2.8,7.0,,IND
11.0,Jarace Walker,21.0,PF,75,5,15.8,2.3,4.8,0.472,1.0,2.5,0.405,1.3,2.3,0.543,0.576,0.6,0.9,0.667,0.3,2.7,3.1,1.5,0.7,0.3,1.0,1.5,6.1,,IND
12.0,Thomas Bryant,27.0,C,56,8,15.1,2.7,5.2,0.515,0.8,2.3,0.321,1.9,2.9,0.673,0.587,0.8,0.9,0.83,1.4,2.5,3.9,0.9,0.5,0.6,0.5,1.2,6.9,,IND
13.0,Quenton Jackson,26.0,PG,28,7,13.6,2.1,4.4,0.475,0.5,1.4,0.375,1.5,2.9,0.524,0.537,1.1,1.4,0.775,0.5,1.1,1.6,1.9,0.8,0.2,0.6,1.5,5.8,,IND
14.0,Enrique Freeman,24.0,PF,22,1,8.2,0.7,1.7,0.432,0.0,0.5,0.1,0.7,1.2,0.556,0.446,0.6,0.9,0.684,0.5,0.9,1.4,0.4,0.1,0.1,0.3,1.0,2.1,,IND
15.0,Tony Bradley,27.0,C,14,0,8.1,2.1,3.2,0.644,0.1,0.2,0.333,2.0,3.0,0.667,0.656,0.1,0.4,0.333,1.3,1.7,3.0,0.4,0.1,0.6,0.4,0.8,4.4,,IND
16.0,Johnny Furphy,20.0,SG,50,0,7.6,0.7,1.8,0.38,0.3,1.0,0.3,0.4,0.8,0.476,0.462,0.4,0.4,0.818,0.5,1.0,1.4,0.4,0.4,0.2,0.2,0.8,2.1,,IND
17.0,RayJ Dennis,23.0,PG,11,0,6.4,1.0,3.0,0.333,0.5,1.9,0.286,0.5,1.1,0.417,0.424,0.2,0.2,1.0,0.2,0.9,1.1,1.3,0.6,0.2,0.5,0.6,2.7,,IND
18.0,Moses Brown,25.0,C,9,0,5.1,1.4,2.2,0.65,0.0,0.0,,1.4,2.2,0.65,0.65,0.3,0.6,0.6,0.4,1.0,1.4,0.0,0.2,0.1,0.7,0.7,3.2,,IND
19.0,James Wiseman,23.0,C,1,0,5.0,2.0,4.0,0.5,0.0,1.0,0.0,2.0,3.0,0.667,0.5,2.0,2.0,1.0,0.0,1.0,1.0,0.0,0.0,0.0,0.0,0.0,6.0,,IND
20.0,James Johnson,37.0,PF,12,0,3.1,0.3,0.9,0.364,0.0,0.3,0.0,0.3,0.7,0.5,0.364,0.0,0.1,0.0,0.0,0.5,0.5,0.3,0.0,0.2,0.3,0.4,0.7,,IND
21.0,Jahlil Okafor,29.0,C,1,0,3.0,0.0,0.0,,0.0,0.0,,0.0,0.0,,,0.0,0.0,,0.0,1.0,1.0,1.0,0.0,0.0,0.0,0.0,0.0,,IND
22.0,Tristen Newton,23.0,SG,5,0,1.6,0.2,1.2,0.167,0.0,0.6,0.0,0.2,0.6,0.333,0.167,0.2,0.2,1.0,0.0,0.0,0.0,0.2,0.0,0.0,0.2,0.4,0.6,,IND
,Team Totals,,,82,82,242.1,43.6,89.3,0.488,13.2,35.8,0.368,30.4,53.6,0.568,0.562,17.0,21.6,0.789,9.2,32.7,41.8,29.2,8.5,5.5,13.2,18.7,117.4,,IND
1.0,James Harden,35.0,PG,79,79,35.3,6.7,16.4,0.41,3.0,8.5,0.352,3.7,7.9,0.472,0.501,6.4,7.3,0.874,0.7,5.1,5.8,8.7,1.5,0.7,4.3,2.1,22.8,,LAC
2.0,Ivica Zubac,27.0,C,80,80,32.8,7.4,11.8,0.628,0.0,0.0,,7.4,11.8,0.628,0.628,2.0,3.0,0.661,3.8,8.9,12.6,2.7,0.7,1.1,1.6,2.1,16.8,,LAC
3.0,Norman Powell,31.0,SG,60,60,32.6,7.6,15.8,0.484,3.0,7.1,0.418,4.6,8.6,0.538,0.578,3.6,4.4,0.804,0.4,2.8,3.2,2.1,1.2,0.2,1.8,1.9,21.8,,LAC
4.0,Kawhi Leonard,33.0,SF,37,37,31.9,8.4,16.8,0.498,2.1,5.1,0.411,6.3,11.7,0.536,0.56,2.6,3.3,0.81,0.9,5.0,5.9,3.1,1.6,0.5,1.9,1.5,21.5,,LAC
5.0,Bogdan Bogdanović,32.0,SG,30,4,25.0,4.2,8.9,0.474,2.0,4.8,0.427,2.2,4.2,0.528,0.588,0.9,1.1,0.875,0.4,2.7,3.1,3.2,0.7,0.2,1.2,2.3,11.4,,LAC
6.0,Derrick Jones Jr.,27.0,SF,77,55,24.3,4.0,7.6,0.526,1.0,2.8,0.356,3.0,4.8,0.627,0.593,1.1,1.5,0.703,1.2,2.2,3.4,0.8,1.0,0.4,0.9,2.0,10.1,,LAC
7.0,Amir Coffey,27.0,SG,72,13,24.3,3.3,7.1,0.471,1.4,3.4,0.409,1.9,3.7,0.529,0.57,1.6,1.8,0.891,0.4,1.8,2.2,1.1,0.6,0.1,0.6,1.7,9.7,,LAC
8.0,Kris Dunn,30.0,PG,74,58,24.1,2.6,5.9,0.439,1.0,3.0,0.335,1.6,2.9,0.549,0.525,0.2,0.3,0.682,0.7,2.7,3.4,2.8,1.7,0.4,1.0,2.7,6.4,,LAC
9.0,Terance Mann,28.0,SG,37,12,19.8,2.4,5.3,0.446,0.7,2.0,0.347,1.6,3.2,0.508,0.513,0.6,0.9,0.719,0.9,2.0,2.9,1.6,0.8,0.3,0.7,1.8,6.0,,LAC
10.0,Kevin Porter Jr.,24.0,SG,45,2,19.6,3.8,9.0,0.423,0.6,2.4,0.245,3.2,6.7,0.485,0.455,1.1,1.7,0.645,0.6,2.9,3.6,3.2,1.0,0.2,1.9,1.6,9.3,,LAC
11.0,Nicolas Batum,36.0,PF,78,8,17.5,1.3,3.1,0.437,1.1,2.6,0.433,0.2,0.4,0.457,0.622,0.2,0.3,0.81,0.6,2.2,2.8,1.1,0.7,0.5,0.4,1.4,4.0,,LAC
12.0,Ben Simmons,28.0,PG,18,0,16.4,1.3,2.9,0.434,0.0,0.0,,1.3,2.9,0.434,0.434,0.3,0.4,0.857,0.9,2.9,3.8,3.1,0.7,0.4,0.8,1.4,2.9,,LAC
13.0,Mo Bamba,26.0,C,28,2,12.6,1.7,3.7,0.466,0.5,1.8,0.3,1.2,1.9,0.623,0.539,0.6,0.9,0.68,0.9,3.4,4.3,0.6,0.3,1.0,0.7,1.8,4.6,,LAC
14.0,Jordan Miller,25.0,SF,37,0,11.4,1.6,3.6,0.433,0.2,1.0,0.211,1.4,2.6,0.521,0.463,0.8,0.9,0.8,0.6,0.9,1.6,0.9,0.5,0.1,0.7,0.7,4.1,,LAC
15.0,Bones Hyland,24.0,PG,20,0,11.1,2.3,5.8,0.391,1.6,4.0,0.388,0.7,1.8,0.4,0.526,1.2,1.3,0.885,0.3,1.0,1.2,1.4,0.9,0.2,1.2,1.3,7.2,,LAC
16.0,Drew Eubanks,27.0,C,24,0,7.4,1.1,2.0,0.551,0.0,0.0,0.0,1.1,2.0,0.563,0.551,0.5,0.6,0.786,0.8,1.6,2.4,0.4,0.1,0.3,0.4,0.7,2.7,,LAC
17.0,Kai Jones,24.0,C,28,0,7.4,0.9,1.3,0.722,0.0,0.1,0.0,0.9,1.2,0.765,0.722,0.3,0.4,0.75,0.5,1.1,1.6,0.4,0.2,0.5,0.4,0.8,2.2,,LAC
18.0,Kobe Brown,25.0,PF,40,0,6.8,0.8,1.8,0.458,0.2,0.7,0.231,0.7,1.2,0.587,0.5,0.1,0.2,0.714,0.5,1.2,1.6,0.6,0.2,0.1,0.3,0.6,1.9,,LAC
19.0,MarJon Beauchamp,24.0,SF,3,0,5.7,1.3,2.3,0.571,0.7,1.0,0.667,0.7,1.3,0.5,0.714,0.7,1.3,0.5,0.7,0.3,1.0,0.7,0.0,0.0,0.3,0.7,4.0,,LAC
20.0,Patty Mills,36.0,PG,12,0,5.1,0.8,1.7,0.5,0.8,1.5,0.5,0.1,0.2,0.5,0.725,0.7,0.8,0.889,0.1,0.0,0.1,0.4,0.1,0.0,0.1,1.0,3.1,,LAC
21.0,Trentyn Flowers,19.0,SF,6,0,4.5,0.7,1.8,0.364,0.0,0.3,0.0,0.7,1.5,0.444,0.364,0.5,0.5,1.0,0.2,0.5,0.7,0.0,0.0,0.0,0.2,0.7,1.8,,LAC
22.0,Cam Christie,19.0,SG,13,0,4.5,0.5,1.8,0.292,0.2,1.0,0.154,0.4,0.8,0.455,0.333,0.2,0.3,0.5,0.2,0.7,0.9,0.5,0.4,0.1,0.2,0.3,1.4,,LAC
23.0,Patrick Baldwin Jr.,22.0,SF,2,0,3.0,1.0,1.0,1.0,1.0,1.0,1.0,0.0,0.0,,1.5,0.0,0.0,,0.0,1.5,1.5,0.5,0.0,0.0,0.0,1.0,3.0,,LAC
,Team Totals,,,82,82,241.5,41.6,86.3,0.482,12.5,33.4,0.373,29.1,52.9,0.55,0.554,17.3,21.7,0.797,10.3,33.5,43.8,25.2,9.4,4.5,14.9,18.3,112.9,,LAC
1.0,Luka Dončić,25.0,PG,28,28,35.1,8.8,20.0,0.438,3.6,9.6,0.379,5.1,10.4,0.493,0.53,7.0,8.9,0.791,0.9,7.2,8.1,7.5,1.6,0.4,3.7,2.4,28.2,,LAL
2.0,Austin Reaves,26.0,SG,73,73,34.9,6.5,14.2,0.46,2.7,7.3,0.377,3.8,6.9,0.547,0.556,4.4,5.0,0.877,0.8,3.7,4.5,5.8,1.1,0.3,2.4,2.1,20.2,,LAL
3.0,LeBron James,40.0,SF,70,70,34.9,9.3,18.1,0.513,2.1,5.7,0.376,7.2,12.5,0.574,0.571,3.7,4.7,0.782,1.0,6.8,7.8,8.2,1.0,0.6,3.7,1.4,24.4,,LAL
4.0,Anthony Davis,31.0,C,42,42,34.3,9.5,18.0,0.528,0.7,2.2,0.298,8.9,15.8,0.56,0.546,6.0,7.6,0.788,2.8,9.0,11.9,3.4,1.3,2.1,2.2,2.0,25.7,,LAL
5.0,Rui Hachimura,26.0,PF,59,57,31.7,5.0,9.8,0.509,1.7,4.2,0.413,3.2,5.6,0.581,0.597,1.5,1.9,0.77,1.3,3.7,5.0,1.4,0.8,0.4,0.8,1.8,13.1,,LAL
6.0,Dorian Finney-Smith,31.0,PF,43,20,28.8,2.8,6.4,0.442,1.9,4.8,0.398,0.9,1.6,0.571,0.591,0.3,0.5,0.714,1.1,2.5,3.6,1.4,0.9,0.3,0.9,1.9,7.9,,LAL
7.0,D'Angelo Russell,28.0,PG,29,10,26.3,4.4,10.7,0.415,1.9,5.8,0.333,2.5,4.9,0.51,0.505,1.6,1.8,0.849,0.3,2.5,2.8,4.7,0.8,0.1,1.7,1.8,12.4,,LAL
8.0,Max Christie,21.0,SG,46,25,25.1,2.8,6.3,0.444,1.3,3.5,0.368,1.5,2.7,0.544,0.549,1.6,1.9,0.851,0.5,2.1,2.7,1.4,0.8,0.5,0.8,1.6,8.5,,LAL
9.0,Gabe Vincent,28.0,PG,72,11,21.2,2.3,5.8,0.4,1.5,4.3,0.353,0.8,1.5,0.532,0.53,0.2,0.3,0.714,0.3,1.0,1.3,1.4,0.7,0.2,0.6,2.1,6.4,,LAL
10.0,Jaxson Hayes,24.0,C,56,35,19.5,2.9,4.0,0.722,0.0,0.1,0.0,2.9,3.9,0.732,0.722,1.1,1.8,0.622,1.4,3.4,4.8,1.0,0.6,0.9,0.8,2.4,6.8,,LAL
11.0,Dalton Knecht,23.0,SF,78,16,19.2,3.3,7.1,0.461,1.6,4.4,0.376,1.7,2.8,0.594,0.576,0.8,1.1,0.762,0.5,2.3,2.8,0.8,0.3,0.1,0.5,1.2,9.1,,LAL
12.0,Jordan Goodwin,26.0,PG,29,5,18.7,2.2,5.0,0.438,0.9,2.3,0.382,1.3,2.6,0.487,0.528,0.3,0.4,0.818,1.3,2.6,3.9,1.4,1.0,0.4,0.9,1.5,5.6,,LAL
13.0,Cam Reddish,25.0,SF,33,8,17.8,1.2,2.8,0.404,0.4,1.4,0.277,0.8,1.4,0.532,0.473,0.5,0.8,0.615,0.5,1.5,2.0,0.7,1.0,0.3,0.4,1.3,3.2,,LAL
14.0,Jarred Vanderbilt,25.0,PF,36,2,16.1,1.6,3.4,0.488,0.3,0.9,0.281,1.4,2.5,0.562,0.525,0.6,1.0,0.556,1.9,3.2,5.1,1.1,1.0,0.3,0.8,1.9,4.1,,LAL
15.0,Markieff Morris,35.0,PF,8,2,15.5,2.0,6.0,0.333,0.9,2.9,0.304,1.1,3.1,0.36,0.406,0.6,0.8,0.833,0.4,1.5,1.9,2.1,0.1,0.3,0.4,1.8,5.5,,LAL
16.0,Alex Len,31.0,C,10,4,12.2,1.0,2.2,0.455,0.1,0.3,0.333,0.9,1.9,0.474,0.477,0.1,0.4,0.25,1.3,1.8,3.1,0.8,0.1,0.3,0.9,2.1,2.2,,LAL
17.0,Shake Milton,28.0,SG,30,1,11.5,1.4,3.2,0.433,0.3,1.1,0.294,1.1,2.1,0.508,0.485,0.7,0.9,0.846,0.5,1.3,1.8,1.3,0.3,0.1,0.7,0.8,3.9,,LAL
18.0,Trey Jemison,25.0,C,22,0,10.3,1.2,1.9,0.619,0.0,0.0,,1.2,1.9,0.619,0.619,0.2,0.5,0.417,1.0,1.8,2.8,0.3,0.1,0.4,0.6,1.9,2.6,,LAL
19.0,Christian Koloko,24.0,C,37,0,9.2,1.1,1.8,0.606,0.0,0.1,0.0,1.1,1.7,0.645,0.606,0.3,0.4,0.714,0.9,1.5,2.5,0.4,0.2,0.4,0.3,1.2,2.4,,LAL
20.0,Armel Traoré,22.0,SF,9,0,7.4,0.7,2.1,0.316,0.0,0.8,0.0,0.7,1.3,0.5,0.316,0.2,0.8,0.286,0.2,1.4,1.7,0.1,0.4,0.2,0.3,0.7,1.6,,LAL
21.0,Jalen Hood-Schifino,21.0,SG,2,0,7.0,0.5,0.5,1.0,0.0,0.0,,0.5,0.5,1.0,1.0,1.0,1.0,1.0,0.5,0.0,0.5,0.5,0.0,0.5,0.5,1.5,2.0,,LAL
22.0,Bronny James,20.0,SG,27,1,6.7,0.8,2.5,0.313,0.3,1.2,0.281,0.4,1.3,0.343,0.381,0.4,0.5,0.786,0.1,0.5,0.7,0.8,0.3,0.1,0.5,0.5,2.3,,LAL
23.0,Quincy Olivari,23.0,PG,2,0,5.0,0.5,2.5,0.2,0.5,2.5,0.2,0.0,0.0,,0.3,0.0,0.0,,0.0,0.0,0.0,0.5,0.0,0.0,0.5,0.0,1.5,,LAL
24.0,Maxwell Lewis,22.0,SF,7,0,4.1,0.3,0.9,0.333,0.0,0.0,,0.3,0.9,0.333,0.333,0.0,0.0,,0.3,0.0,0.3,0.3,0.1,0.0,0.3,0.1,0.6,,LAL
,Team Totals,,,82,82,240.6,40.9,85.5,0.479,13.3,36.4,0.366,27.6,49.1,0.562,0.557,18.2,23.2,0.785,9.7,32.8,42.4,26.0,7.7,4.5,14.0,17.3,113.4,,LAL
1.0,Desmond Bane,26.0,SG,69,68,32.0,7.1,14.8,0.484,2.4,6.1,0.392,4.8,8.7,0.548,0.565,2.6,2.9,0.894,0.9,5.2,6.1,5.3,1.2,0.4,2.4,2.4,19.2,,MEM
2.0,Ja Morant,25.0,PG,50,50,30.4,8.1,17.8,0.454,1.8,5.7,0.309,6.3,12.1,0.523,0.504,5.3,6.4,0.824,0.7,3.4,4.1,7.3,1.2,0.2,3.7,2.3,23.2,,MEM
3.0,Jaren Jackson Jr.,25.0,C,74,74,29.8,8.0,16.4,0.488,2.0,5.3,0.375,6.0,11.1,0.541,0.548,4.2,5.4,0.781,1.2,4.4,5.6,2.0,1.2,1.5,2.1,3.5,22.2,,MEM
4.0,Jaylen Wells,21.0,SG,79,74,25.9,3.6,8.6,0.425,1.7,5.0,0.352,1.9,3.6,0.525,0.527,1.4,1.7,0.822,1.1,2.3,3.4,1.7,0.6,0.1,0.9,1.8,10.4,,MEM
5.0,Santi Aldama,24.0,PF,65,16,25.5,4.8,10.0,0.483,1.8,5.0,0.368,3.0,5.0,0.599,0.576,1.0,1.4,0.691,1.4,5.0,6.4,2.9,0.8,0.4,1.1,1.2,12.5,,MEM
6.0,Luke Kennard,28.0,SG,65,11,22.6,3.2,6.6,0.478,1.7,4.0,0.433,1.4,2.6,0.547,0.609,0.8,0.9,0.895,0.6,2.2,2.8,3.3,0.8,0.1,1.1,0.9,8.9,,MEM
7.0,Zach Edey,22.0,C,66,55,21.5,3.8,6.6,0.58,0.3,0.8,0.346,3.5,5.8,0.612,0.6,1.4,1.9,0.709,3.5,4.8,8.3,1.0,0.5,1.3,1.3,2.8,9.2,,MEM
8.0,Scotty Pippen Jr.,24.0,PG,79,21,21.3,3.6,7.5,0.48,1.1,2.8,0.397,2.5,4.7,0.528,0.553,1.5,2.2,0.713,0.8,2.5,3.3,4.4,1.3,0.4,1.7,2.6,9.9,,MEM
9.0,Marcus Smart,30.0,PG,19,6,21.1,2.8,7.8,0.358,1.5,4.7,0.322,1.3,3.1,0.414,0.456,1.6,1.9,0.833,0.7,1.5,2.3,3.7,1.2,0.3,1.8,1.6,8.7,,MEM
10.0,Jake LaRavia,23.0,PF,47,0,20.9,2.5,5.1,0.49,0.9,1.9,0.444,1.7,3.2,0.517,0.573,1.4,2.0,0.698,1.4,2.9,4.4,2.8,0.9,0.4,1.5,2.0,7.3,,MEM
11.0,Brandon Clarke,28.0,PF,64,18,18.9,3.7,5.9,0.621,0.0,0.3,0.059,3.7,5.7,0.647,0.622,1.0,1.4,0.701,2.0,3.1,5.1,1.0,0.8,0.6,0.6,2.3,8.3,,MEM
12.0,Vince Williams Jr.,24.0,SG,27,5,18.5,2.5,6.2,0.401,1.0,3.5,0.274,1.5,2.7,0.569,0.479,0.7,0.9,0.792,0.8,2.8,3.6,2.0,0.4,0.3,1.2,1.7,6.6,,MEM
13.0,GG Jackson II,20.0,PF,29,3,15.8,2.6,6.9,0.372,1.1,3.3,0.337,1.4,3.6,0.404,0.452,1.0,1.4,0.725,0.9,2.2,3.2,1.0,0.4,0.2,1.1,1.0,7.2,,MEM
14.0,John Konchar,28.0,SG,46,4,12.1,0.9,2.0,0.451,0.5,1.3,0.371,0.4,0.6,0.621,0.577,0.2,0.2,0.875,0.8,2.5,3.3,0.9,0.7,0.3,0.3,0.7,2.4,,MEM
15.0,Jay Huff,26.0,C,64,2,11.7,2.5,4.8,0.515,1.3,3.1,0.405,1.2,1.6,0.724,0.648,0.7,0.9,0.786,0.5,1.5,2.0,0.6,0.3,0.9,0.5,1.2,6.9,,MEM
16.0,Cam Spencer,24.0,SG,25,1,10.1,1.4,3.3,0.415,0.8,2.1,0.358,0.6,1.2,0.517,0.53,0.8,0.8,1.0,0.5,0.7,1.2,1.4,0.4,0.0,0.2,0.9,4.2,,MEM
17.0,Lamar Stevens,27.0,PF,17,1,9.1,1.7,3.7,0.46,0.5,1.6,0.296,1.2,2.1,0.583,0.524,0.5,0.6,0.727,0.2,2.0,2.2,0.5,0.3,0.2,0.6,0.9,4.4,,MEM
18.0,Marvin Bagley III,25.0,PF,12,1,8.3,1.4,2.9,0.486,0.1,0.8,0.111,1.3,2.2,0.615,0.5,0.7,1.0,0.667,0.9,1.4,2.3,0.3,0.2,0.3,0.1,0.5,3.6,,MEM
19.0,Colin Castleton,24.0,C,10,0,4.6,0.2,1.0,0.2,0.0,0.4,0.0,0.2,0.6,0.333,0.2,1.0,1.1,0.909,0.3,0.6,0.9,0.0,0.1,0.1,0.1,0.6,1.4,,MEM
20.0,Yuki Kawamura,23.0,PG,22,0,4.2,0.5,1.4,0.367,0.3,1.0,0.304,0.2,0.3,0.571,0.483,0.3,0.4,0.778,0.0,0.5,0.5,0.9,0.1,0.0,0.2,0.4,1.6,,MEM
21.0,Zyon Pullin,23.0,SG,3,0,1.0,0.0,0.3,0.0,0.0,0.0,,0.0,0.3,0.0,0.0,0.0,0.0,,0.0,0.0,0.0,0.0,0.0,0.0,0.0,0.0,0.0,,MEM
,Team Totals,,,82,82,240.3,44.8,93.3,0.479,13.9,37.9,0.367,30.8,55.5,0.556,0.554,18.3,23.3,0.786,12.9,34.4,47.3,28.4,8.9,5.6,15.7,20.9,121.7,,MEM
1.0,Tyler Herro,25.0,SG,77,77,35.4,8.5,17.9,0.472,3.3,8.7,0.375,5.2,9.2,0.565,0.563,3.7,4.2,0.878,0.5,4.7,5.2,5.5,0.9,0.2,2.6,1.1,23.9,,MIA
2.0,Bam Adebayo,27.0,C,78,78,34.3,6.9,14.3,0.485,1.0,2.8,0.357,5.9,11.4,0.517,0.521,3.2,4.2,0.765,2.4,7.2,9.6,4.3,1.3,0.7,2.1,2.1,18.1,,MIA
3.0,Andrew Wiggins,29.0,SF,17,17,32.1,6.8,14.8,0.458,2.1,5.9,0.36,4.6,8.9,0.523,0.53,3.4,4.6,0.731,1.4,2.9,4.2,3.3,1.2,1.0,2.5,1.8,19.0,,MIA
4.0,Davion Mitchell,26.0,PG,30,15,31.6,3.9,7.7,0.504,1.4,3.1,0.447,2.5,4.6,0.543,0.595,1.1,1.6,0.702,0.6,2.1,2.7,5.3,1.4,0.3,1.7,2.3,10.3,,MIA
5.0,Jimmy Butler,35.0,PF,25,25,30.6,5.7,10.5,0.54,0.5,1.4,0.361,5.2,9.1,0.568,0.565,5.2,6.4,0.801,2.2,3.0,5.2,4.8,1.1,0.4,1.2,0.9,17.0,,MIA
6.0,Terry Rozier,30.0,PG,64,23,25.9,3.9,9.9,0.391,1.4,4.8,0.295,2.5,5.1,0.48,0.462,1.4,1.7,0.852,0.7,3.0,3.7,2.6,0.6,0.2,1.2,1.1,10.6,,MIA
7.0,Nikola Jović,21.0,PF,46,10,25.1,3.7,8.2,0.456,1.7,4.6,0.371,2.0,3.6,0.563,0.56,1.6,1.9,0.828,0.6,3.3,3.9,2.8,0.8,0.3,1.3,1.8,10.7,,MIA
8.0,Haywood Highsmith,28.0,SF,74,42,24.6,2.4,5.3,0.458,1.2,3.1,0.382,1.2,2.1,0.57,0.572,0.4,0.6,0.721,1.0,2.4,3.4,1.5,0.9,0.5,0.7,2.2,6.5,,MIA
9.0,Duncan Robinson,30.0,SF,74,37,24.1,3.9,9.0,0.437,2.6,6.5,0.393,1.4,2.4,0.556,0.581,0.6,0.7,0.887,0.2,2.0,2.3,2.4,0.5,0.1,1.2,1.8,11.0,,MIA
10.0,Kel'el Ware,20.0,C,64,36,22.2,4.0,7.3,0.554,0.5,1.7,0.315,3.5,5.5,0.629,0.592,0.7,1.0,0.687,1.8,5.6,7.4,0.9,0.6,1.1,0.9,1.7,9.3,,MIA
11.0,Jaime Jaquez Jr.,23.0,SF,66,17,20.7,3.2,7.0,0.461,0.6,1.8,0.311,2.7,5.2,0.513,0.501,1.6,2.2,0.754,1.3,3.1,4.4,2.5,0.9,0.2,1.5,1.2,8.6,,MIA
12.0,Dru Smith,27.0,SG,14,1,19.1,2.2,4.4,0.508,1.1,2.1,0.533,1.1,2.2,0.484,0.639,0.6,0.9,0.75,0.9,1.7,2.6,1.6,1.5,0.4,1.2,2.1,6.2,,MIA
13.0,Josh Richardson,31.0,SG,8,0,18.8,1.4,4.8,0.289,0.8,2.8,0.273,0.6,2.0,0.313,0.368,0.5,0.5,1.0,0.8,0.8,1.5,1.5,1.0,0.1,1.0,2.1,4.0,,MIA
14.0,Kyle Anderson,31.0,SF,25,1,18.4,2.6,5.4,0.493,0.2,0.7,0.333,2.4,4.6,0.517,0.515,1.2,1.5,0.789,1.0,2.8,3.8,2.6,0.6,0.5,0.7,1.6,6.7,,MIA
15.0,Alec Burks,33.0,SG,49,14,17.6,2.3,5.5,0.424,1.8,4.2,0.425,0.6,1.3,0.422,0.587,0.8,1.0,0.776,0.3,2.2,2.5,1.1,0.6,0.1,0.6,0.8,7.3,,MIA
16.0,Pelle Larsson,23.0,SG,55,8,14.2,1.6,3.7,0.438,0.6,1.7,0.337,1.0,2.0,0.528,0.517,0.7,1.1,0.672,0.5,1.2,1.7,1.2,0.6,0.1,0.4,1.7,4.6,,MIA
17.0,Thomas Bryant,27.0,C,10,0,11.5,1.2,2.8,0.429,0.6,1.7,0.353,0.6,1.1,0.545,0.536,1.1,1.1,1.0,0.6,2.6,3.2,0.4,0.1,0.9,0.2,0.9,4.1,,MIA
18.0,Kevin Love,36.0,PF,23,9,10.9,1.8,5.0,0.357,1.0,2.9,0.358,0.7,2.1,0.354,0.461,0.7,1.0,0.696,1.0,3.1,4.1,1.0,0.7,0.2,0.6,0.9,5.3,,MIA
19.0,Keshad Johnson,23.0,SF,16,0,6.1,1.1,1.6,0.692,0.2,0.4,0.429,0.9,1.2,0.789,0.75,0.3,0.6,0.444,0.4,1.4,1.8,0.3,0.3,0.3,0.3,0.7,2.7,,MIA
20.0,Josh Christopher,23.0,SG,14,0,4.9,0.8,2.2,0.355,0.1,0.8,0.182,0.6,1.4,0.45,0.387,0.3,0.4,0.667,0.0,0.6,0.6,0.6,0.4,0.2,0.4,0.1,2.0,,MIA
21.0,Isaiah Stevens,24.0,PG,3,0,2.0,0.0,0.7,0.0,0.0,0.3,0.0,0.0,0.3,0.0,0.0,0.0,0.0,,0.0,0.7,0.7,0.0,0.3,0.0,0.0,0.0,0.0,,MIA
,Team Totals,,,82,82,243.0,40.5,87.0,0.465,13.7,37.3,0.367,26.8,49.7,0.538,0.544,16.0,20.2,0.791,9.7,33.7,43.4,26.4,8.1,3.8,13.6,15.5,110.6,,MIA
1.0,Damian Lillard,34.0,PG,58,58,36.1,7.7,17.1,0.448,3.4,9.0,0.376,4.3,8.1,0.528,0.547,6.2,6.8,0.921,0.5,4.2,4.7,7.1,1.2,0.2,2.8,1.7,24.9,,MIL
2.0,Giannis Antetokounmpo,30.0,PF,67,67,34.2,11.8,19.7,0.601,0.2,0.9,0.222,11.6,18.7,0.62,0.607,6.5,10.6,0.617,2.2,9.7,11.9,6.5,0.9,1.2,3.1,2.3,30.4,,MIL
3.0,Kyle Kuzma,29.0,PF,33,32,31.8,5.4,11.9,0.455,1.5,4.6,0.333,3.9,7.3,0.533,0.52,2.1,3.2,0.663,0.8,4.8,5.6,2.2,0.5,0.4,2.2,2.0,14.5,,MIL
4.0,Brook Lopez,36.0,C,80,80,31.8,4.9,9.7,0.509,1.7,4.7,0.373,3.2,5.0,0.636,0.599,1.4,1.7,0.826,1.4,3.6,5.0,1.8,0.6,1.9,1.1,2.1,13.0,,MIL
5.0,Taurean Prince,30.0,SF,80,73,27.1,2.9,6.4,0.457,1.8,4.2,0.439,1.1,2.2,0.492,0.6,0.5,0.6,0.813,0.4,3.2,3.6,1.9,1.0,0.2,1.0,2.1,8.2,,MIL
6.0,Gary Trent Jr.,26.0,SG,74,9,25.6,3.8,8.9,0.431,2.4,5.9,0.416,1.4,3.0,0.46,0.568,1.1,1.2,0.848,0.3,2.0,2.3,1.2,1.0,0.1,0.6,1.7,11.1,,MIL
7.0,Bobby Portis,29.0,PF,49,7,25.4,5.7,12.1,0.466,1.3,3.6,0.365,4.3,8.5,0.508,0.52,1.2,1.5,0.836,1.8,6.6,8.4,2.1,0.7,0.5,1.2,1.9,13.9,,MIL
8.0,Khris Middleton,33.0,SF,23,7,23.2,4.7,9.2,0.512,1.5,3.7,0.407,3.2,5.4,0.584,0.595,1.7,2.0,0.848,0.2,3.5,3.7,4.4,0.7,0.2,1.6,2.3,12.6,,MIL
9.0,A.J. Green,25.0,SG,73,7,22.7,2.5,5.8,0.429,2.1,5.0,0.427,0.4,0.8,0.443,0.612,0.3,0.4,0.815,0.2,2.1,2.4,1.5,0.5,0.1,0.5,2.2,7.4,,MIL
10.0,Kevin Porter Jr.,24.0,SG,30,2,19.9,4.0,8.2,0.494,1.0,2.4,0.408,3.1,5.8,0.529,0.553,2.7,3.1,0.871,0.4,3.5,3.9,3.7,1.3,0.1,1.7,1.6,11.7,,MIL
11.0,Delon Wright,32.0,PG,26,2,15.6,0.8,3.2,0.268,0.5,1.9,0.245,0.4,1.3,0.303,0.341,0.3,0.6,0.563,0.6,1.2,1.8,1.8,0.9,0.3,0.5,0.7,2.5,,MIL
12.0,Jericho Sims,26.0,C,14,0,15.0,1.2,1.8,0.68,0.0,0.0,,1.2,1.8,0.68,0.68,0.0,0.0,,1.4,3.4,4.9,0.8,0.1,0.6,0.9,1.4,2.4,,MIL
13.0,Pat Connaughton,32.0,SG,41,1,14.7,2.0,4.3,0.469,0.6,2.0,0.321,1.4,2.3,0.594,0.542,0.6,0.8,0.774,0.5,2.2,2.7,1.7,0.2,0.3,0.6,1.1,5.3,,MIL
14.0,Andre Jackson Jr.,23.0,SG,67,43,14.6,1.4,2.9,0.477,0.4,1.1,0.395,1.0,1.8,0.529,0.553,0.2,0.4,0.5,1.0,1.7,2.7,1.2,0.5,0.2,0.9,1.7,3.4,,MIL
15.0,Ryan Rollins,22.0,PG,56,19,14.6,2.4,4.8,0.487,0.9,2.1,0.408,1.5,2.7,0.55,0.577,0.6,0.8,0.8,0.4,1.6,1.9,1.9,0.8,0.3,0.9,1.6,6.2,,MIL
16.0,Jamaree Bouyea,25.0,PG,5,1,12.4,1.2,2.4,0.5,0.2,1.0,0.2,1.0,1.4,0.714,0.542,0.8,1.2,0.667,0.2,0.8,1.0,2.0,0.8,0.4,1.6,0.4,3.4,,MIL
17.0,Pete Nance,24.0,PF,6,1,11.7,1.5,2.8,0.529,0.8,2.0,0.417,0.7,0.8,0.8,0.676,0.0,0.0,,0.5,1.3,1.8,1.2,0.2,0.3,0.7,1.2,3.8,,MIL
18.0,AJ Johnson,20.0,SG,7,0,6.3,1.1,2.7,0.421,0.4,0.7,0.6,0.7,2.0,0.357,0.5,0.1,0.3,0.5,0.0,1.0,1.0,1.0,0.1,0.0,0.6,0.0,2.9,,MIL
19.0,Tyler Smith,20.0,PF,23,0,5.3,1.0,2.2,0.48,0.6,1.3,0.433,0.5,0.9,0.55,0.61,0.3,0.3,0.75,0.3,0.8,1.1,0.2,0.1,0.2,0.3,0.5,2.9,,MIL
20.0,Chris Livingston,21.0,SF,21,1,5.0,0.4,1.3,0.333,0.0,0.4,0.0,0.4,0.9,0.474,0.333,0.6,0.8,0.75,0.5,1.2,1.7,0.2,0.2,0.0,0.3,0.4,1.4,,MIL
21.0,MarJon Beauchamp,24.0,SF,26,0,4.7,0.7,1.8,0.383,0.3,0.8,0.333,0.4,1.0,0.423,0.457,0.3,0.5,0.75,0.3,1.0,1.2,0.3,0.1,0.0,0.5,0.4,2.0,,MIL
22.0,Liam Robbins,25.0,C,13,0,4.4,0.2,0.6,0.25,0.0,0.2,0.0,0.2,0.5,0.333,0.25,0.4,0.8,0.5,0.5,0.4,0.9,0.2,0.2,0.2,0.5,0.7,0.7,,MIL
23.0,Stanley Umude,25.0,SG,22,0,3.9,0.2,1.2,0.192,0.1,0.7,0.2,0.1,0.5,0.182,0.25,0.1,0.2,0.5,0.2,0.6,0.8,0.2,0.1,0.3,0.1,0.4,0.7,,MIL
,Team Totals,,,82,82,240.9,42.0,86.4,0.486,14.2,36.6,0.387,27.9,49.7,0.56,0.568,17.3,23.1,0.75,8.2,35.1,43.4,25.5,7.3,4.7,13.4,17.9,115.5,,MIL
1.0,Anthony Edwards,23.0,SG,79,79,36.3,9.1,20.4,0.447,4.1,10.3,0.395,5.1,10.1,0.501,0.547,5.3,6.3,0.837,0.8,4.9,5.7,4.5,1.2,0.6,3.2,1.9,27.6,,MIN
2.0,Rudy Gobert,32.0,C,72,72,33.2,4.7,7.1,0.669,0.0,0.0,,4.7,7.1,0.669,0.669,2.6,3.8,0.674,3.7,7.2,10.9,1.8,0.8,1.4,1.2,2.5,12.0,,MIN
3.0,Julius Randle,30.0,PF,69,69,32.3,6.6,13.6,0.485,1.6,4.6,0.344,5.0,9.1,0.555,0.542,3.9,4.9,0.806,2.1,5.0,7.1,4.7,0.7,0.2,2.8,2.5,18.7,,MIN
4.0,Jaden McDaniels,24.0,PF,82,82,31.9,4.9,10.2,0.477,1.2,3.7,0.33,3.6,6.5,0.561,0.537,1.3,1.6,0.813,1.6,4.2,5.7,2.0,1.3,0.9,1.2,2.7,12.2,,MIN
5.0,Naz Reid,25.0,C,80,17,27.5,5.3,11.5,0.462,2.2,5.8,0.379,3.1,5.8,0.544,0.556,1.4,1.8,0.776,1.2,4.9,6.0,2.3,0.7,0.9,1.4,2.4,14.2,,MIN
6.0,Donte DiVincenzo,28.0,SG,62,10,25.9,4.0,9.6,0.422,2.8,7.1,0.397,1.2,2.5,0.49,0.568,0.8,1.0,0.778,0.5,3.2,3.7,3.6,1.2,0.3,1.6,1.8,11.7,,MIN
7.0,Nickeil Alexander-Walker,26.0,SG,82,10,25.3,3.3,7.5,0.438,1.7,4.5,0.381,1.6,3.0,0.524,0.553,1.1,1.4,0.78,0.7,2.6,3.2,2.7,0.6,0.4,1.2,1.7,9.4,,MIN
8.0,Mike Conley,37.0,PG,71,64,24.7,2.6,6.6,0.4,1.8,4.4,0.41,0.8,2.2,0.38,0.535,1.1,1.3,0.9,0.5,2.1,2.6,4.5,1.1,0.2,1.1,1.6,8.2,,MIN
9.0,Jaylen Clark,23.0,SG,40,4,13.1,1.4,3.0,0.467,0.6,1.3,0.431,0.9,1.7,0.493,0.558,0.7,0.9,0.784,0.7,0.7,1.3,0.7,0.9,0.1,0.2,1.5,4.1,,MIN
10.0,Terrence Shannon Jr.,24.0,SG,32,1,10.6,1.7,3.6,0.482,0.3,1.0,0.355,1.4,2.6,0.53,0.531,0.5,0.7,0.81,0.3,1.2,1.5,1.0,0.2,0.2,0.5,0.8,4.3,,MIN
11.0,Rob Dillingham,20.0,PG,49,1,10.5,1.9,4.3,0.441,0.5,1.5,0.338,1.4,2.8,0.496,0.5,0.2,0.3,0.533,0.2,0.8,1.0,2.0,0.4,0.0,1.1,0.8,4.5,,MIN
12.0,Joe Ingles,37.0,SF,19,1,6.0,0.3,1.2,0.261,0.2,0.8,0.2,0.2,0.4,0.375,0.326,0.0,0.0,,0.1,0.5,0.6,1.2,0.1,0.0,0.5,0.6,0.8,,MIN
13.0,Josh Minott,22.0,SF,46,0,6.0,1.0,2.0,0.489,0.3,0.9,0.326,0.7,1.0,0.638,0.567,0.4,0.4,0.895,0.3,0.8,1.0,0.4,0.3,0.3,0.2,0.7,2.6,,MIN
14.0,Luka Garza,26.0,C,39,0,5.6,1.3,2.7,0.495,0.3,0.9,0.278,1.1,1.8,0.609,0.543,0.6,0.9,0.686,0.8,0.6,1.4,0.3,0.2,0.1,0.3,0.7,3.5,,MIN
15.0,Bones Hyland,24.0,PG,4,0,4.3,0.5,0.8,0.667,0.3,0.5,0.5,0.3,0.3,1.0,0.833,0.0,0.0,,0.0,0.3,0.3,1.0,0.0,0.0,0.3,0.8,1.3,,MIN
16.0,Daishen Nix,22.0,PG,3,0,4.3,0.0,0.3,0.0,0.0,0.3,0.0,0.0,0.0,,0.0,0.3,0.7,0.5,0.0,1.3,1.3,1.0,0.0,0.0,1.3,0.3,0.3,,MIN
17.0,PJ Dozier,28.0,SG,9,0,3.9,0.2,0.3,0.667,0.2,0.3,0.667,0.0,0.0,,1.0,0.1,0.7,0.167,0.1,0.4,0.6,0.6,0.1,0.0,0.1,0.3,0.8,,MIN
18.0,Tristen Newton,23.0,SG,3,0,2.7,0.0,0.7,0.0,0.0,0.0,,0.0,0.7,0.0,0.0,0.0,0.0,,0.7,0.7,1.3,0.3,0.3,0.0,0.3,0.7,0.0,,MIN
19.0,Leonard Miller,21.0,SF,13,0,2.5,0.5,1.2,0.4,0.0,0.4,0.0,0.5,0.8,0.6,0.4,0.6,0.6,1.0,0.2,0.6,0.8,0.0,0.2,0.1,0.2,0.2,1.5,,MIN
20.0,Jesse Edwards,24.0,C,2,0,2.5,0.0,0.0,,0.0,0.0,,0.0,0.0,,,0.0,0.0,,0.0,0.0,0.0,0.5,0.0,0.0,0.0,1.0,0.0,,MIN
,Team Totals,,,82,82,241.8,41.0,87.6,0.468,15.0,39.9,0.377,26.0,47.7,0.545,0.554,17.2,21.8,0.789,11.1,33.2,44.3,26.1,8.0,5.0,14.5,18.3,114.3,,MIN
1.0,Trey Murphy III,24.0,SF,53,51,35.0,7.2,15.8,0.454,3.0,8.3,0.361,4.2,7.6,0.556,0.548,3.8,4.3,0.887,0.9,4.2,5.1,3.5,1.1,0.7,1.9,2.1,21.2,,NOP
2.0,Brandon Ingram,27.0,SF,18,18,33.1,8.6,18.5,0.465,2.4,6.4,0.374,6.2,12.1,0.514,0.53,2.6,3.1,0.855,0.9,4.6,5.6,5.2,0.9,0.6,3.8,2.5,22.2,,NOP
3.0,CJ McCollum,33.0,PG,56,56,32.7,7.9,17.9,0.444,3.1,8.2,0.373,4.9,9.7,0.505,0.53,2.2,3.1,0.717,0.8,3.0,3.8,4.1,0.8,0.4,1.9,2.2,21.1,,NOP
4.0,Dejounte Murray,28.0,PG,31,31,32.6,6.3,15.9,0.393,1.7,5.6,0.299,4.6,10.3,0.444,0.445,3.3,4.0,0.823,0.5,5.9,6.5,7.4,2.0,0.4,3.4,2.0,17.5,,NOP
5.0,Herbert Jones,26.0,SF,20,20,32.4,3.8,8.6,0.436,1.1,3.6,0.306,2.7,5.0,0.53,0.5,1.7,2.0,0.825,1.1,2.8,3.9,3.3,1.9,0.5,1.8,3.3,10.3,,NOP
6.0,Zion Williamson,24.0,PF,30,30,28.6,9.6,16.9,0.567,0.1,0.4,0.231,9.5,16.5,0.576,0.57,5.3,8.0,0.656,2.5,4.7,7.2,5.3,1.2,0.9,3.0,2.7,24.6,,NOP
7.0,Yves Missi,20.0,C,73,67,26.8,3.7,6.7,0.547,0.0,0.0,0.0,3.7,6.7,0.548,0.547,1.7,2.8,0.623,3.5,4.7,8.2,1.4,0.5,1.3,1.1,2.0,9.1,,NOP
8.0,Kelly Olynyk,33.0,C,20,20,25.4,3.8,7.5,0.5,0.7,1.8,0.389,3.1,5.7,0.535,0.547,2.5,3.3,0.754,1.9,4.0,5.9,3.6,0.9,0.6,2.1,3.2,10.7,,NOP
9.0,Bruce Brown,28.0,PG,23,12,24.7,3.2,7.7,0.41,0.7,2.0,0.356,2.5,5.8,0.429,0.455,1.2,1.6,0.75,1.0,3.2,4.2,2.4,0.7,0.3,0.9,2.0,8.2,,NOP
10.0,Jose Alvarado,26.0,PG,56,23,24.4,3.6,9.3,0.392,2.0,5.5,0.359,1.7,3.8,0.439,0.498,1.1,1.3,0.811,0.5,1.9,2.4,4.6,1.3,0.3,1.5,1.6,10.3,,NOP
11.0,Keion Brooks Jr.,24.0,SF,14,6,23.7,3.8,7.8,0.486,1.0,3.1,0.326,2.8,4.7,0.591,0.55,1.6,2.1,0.733,0.9,3.3,4.1,0.9,0.7,0.7,0.9,2.1,10.1,,NOP
12.0,Jordan Hawkins,22.0,SG,56,9,23.6,3.7,9.9,0.372,2.0,5.9,0.331,1.7,4.0,0.433,0.471,1.4,1.8,0.816,0.4,2.4,2.8,1.2,0.5,0.4,1.0,0.9,10.8,,NOP
13.0,Brandon Boston Jr.,23.0,SG,42,10,23.6,4.0,9.1,0.436,1.2,3.3,0.35,2.8,5.7,0.485,0.5,1.6,2.0,0.788,0.7,2.5,3.2,2.2,1.3,0.2,1.2,1.7,10.7,,NOP
14.0,Javonte Green,31.0,SG,50,18,21.8,2.0,4.5,0.446,0.8,2.2,0.352,1.2,2.3,0.534,0.531,1.0,1.3,0.758,1.0,2.6,3.6,0.9,1.1,0.6,0.6,1.5,5.8,,NOP
15.0,Elfrid Payton,30.0,PG,18,7,21.6,2.1,5.6,0.366,0.1,0.3,0.167,2.0,5.3,0.379,0.371,0.2,0.4,0.571,0.8,2.9,3.7,8.1,1.0,0.4,2.9,1.3,4.4,,NOP
16.0,Jaylen Nowell,25.0,SG,8,0,21.0,3.3,9.1,0.356,1.0,3.4,0.296,2.3,5.8,0.391,0.411,0.9,1.4,0.636,0.8,1.8,2.5,2.3,0.1,0.5,1.0,1.1,8.4,,NOP
17.0,Kylor Kelley,27.0,C,3,1,19.7,1.3,3.0,0.444,0.0,0.0,,1.3,3.0,0.444,0.444,0.7,1.3,0.5,1.3,4.7,6.0,1.0,0.3,0.3,1.0,2.3,3.3,,NOP
18.0,Jeremiah Robinson-Earl,24.0,PF,66,9,18.8,2.4,5.3,0.455,0.8,2.5,0.341,1.5,2.8,0.557,0.536,0.7,0.8,0.836,1.7,3.1,4.8,1.3,0.6,0.1,0.8,1.2,6.3,,NOP
19.0,Karlo Matković,23.0,PF,42,7,18.8,3.2,5.6,0.574,0.5,1.6,0.318,2.7,4.0,0.675,0.619,0.8,1.0,0.773,1.5,3.5,5.0,1.1,0.5,1.0,1.0,2.5,7.7,,NOP
20.0,Lester Quiñones,24.0,SG,9,0,18.4,3.0,7.8,0.386,1.4,4.6,0.317,1.6,3.2,0.483,0.479,1.1,1.3,0.833,0.1,1.6,1.7,2.6,0.3,0.2,1.1,2.0,8.6,,NOP
21.0,Daniel Theis,32.0,C,38,9,16.3,1.6,3.4,0.473,0.2,1.0,0.243,1.4,2.4,0.565,0.508,0.8,1.0,0.838,1.2,3.2,4.3,1.6,0.5,0.5,0.7,1.8,4.3,,NOP
22.0,Mo Bamba,26.0,C,4,0,15.3,1.0,2.3,0.444,0.0,1.0,0.0,1.0,1.3,0.8,0.444,0.5,0.5,1.0,1.5,4.8,6.3,0.5,0.0,0.8,0.3,1.8,2.5,,NOP
23.0,Antonio Reeves,24.0,SG,44,6,15.0,2.6,5.6,0.456,1.2,2.9,0.395,1.4,2.7,0.521,0.558,0.6,0.8,0.8,0.4,1.0,1.4,0.9,0.5,0.1,0.7,0.9,6.9,,NOP
24.0,Jamal Cain,25.0,SF,37,0,13.6,1.8,4.3,0.43,0.7,2.2,0.325,1.1,2.1,0.538,0.513,0.9,1.4,0.68,0.7,1.6,2.3,0.6,0.6,0.2,0.6,1.2,5.3,,NOP
25.0,Trey Jemison,25.0,C,16,0,10.4,0.9,2.0,0.469,0.0,0.0,,0.9,2.0,0.469,0.469,0.5,1.3,0.381,1.4,1.4,2.8,0.6,0.4,0.4,0.6,1.7,2.4,,NOP
,Team Totals,,,82,82,240.9,40.6,89.9,0.452,12.0,34.6,0.347,28.6,55.2,0.518,0.519,16.5,21.9,0.754,12.1,31.5,43.6,25.8,8.5,5.2,14.6,18.3,109.8,,NOP
1.0,Josh Hart,29.0,SG,77,77,37.6,5.2,10.0,0.525,1.1,3.3,0.333,4.2,6.7,0.618,0.579,2.1,2.7,0.776,2.1,7.5,9.6,5.9,1.5,0.4,2.1,2.6,13.6,,NYK
2.0,Mikal Bridges,28.0,SF,82,82,37.0,7.2,14.4,0.5,2.0,5.6,0.354,5.2,8.8,0.594,0.57,1.2,1.4,0.814,0.9,2.3,3.2,3.7,0.9,0.5,1.6,1.5,17.6,,NYK
3.0,OG Anunoby,27.0,PF,74,74,36.6,6.6,13.9,0.476,2.3,6.2,0.372,4.3,7.7,0.561,0.559,2.5,3.1,0.81,1.3,3.5,4.8,2.2,1.5,0.9,1.4,2.3,18.0,,NYK
4.0,Jalen Brunson,28.0,PG,65,65,35.4,9.0,18.5,0.488,2.3,6.1,0.383,6.7,12.4,0.539,0.551,5.7,6.9,0.821,0.4,2.5,2.9,7.3,0.9,0.1,2.5,2.1,26.0,,NYK
5.0,Karl-Anthony Towns,29.0,C,72,72,35.0,8.9,16.9,0.526,2.0,4.7,0.42,6.9,12.2,0.567,0.584,4.7,5.7,0.829,2.9,9.8,12.8,3.1,1.0,0.7,2.7,3.5,24.4,,NYK
6.0,Miles McBride,24.0,PG,64,10,24.9,3.5,8.5,0.406,1.8,4.9,0.369,1.7,3.7,0.455,0.511,0.8,1.0,0.813,0.7,1.8,2.5,2.9,1.0,0.3,0.6,1.7,9.5,,NYK
7.0,Precious Achiuwa,25.0,C,57,10,20.5,2.9,5.7,0.502,0.2,0.6,0.278,2.7,5.1,0.529,0.517,0.7,1.2,0.594,1.8,3.8,5.6,1.0,0.8,0.7,0.8,1.4,6.6,,NYK
8.0,P.J. Tucker,39.0,SF,3,1,19.3,1.0,2.3,0.429,1.0,2.0,0.5,0.0,0.3,0.0,0.643,0.0,0.0,,1.3,1.3,2.7,0.0,0.3,0.3,0.3,2.7,3.0,,NYK
9.0,Mitchell Robinson,26.0,C,17,3,17.1,2.2,3.3,0.661,0.0,0.0,,2.2,3.3,0.661,0.661,0.8,1.1,0.684,3.1,2.9,5.9,0.8,0.9,1.1,0.6,1.5,5.1,,NYK
10.0,Delon Wright,32.0,PG,14,5,16.4,1.6,3.5,0.469,0.6,1.7,0.333,1.1,1.8,0.6,0.551,0.4,0.6,0.667,0.9,0.6,1.4,2.1,0.9,0.2,0.6,0.6,4.3,,NYK
11.0,Landry Shamet,27.0,SG,50,0,15.2,2.1,4.6,0.461,1.2,3.1,0.397,0.9,1.5,0.595,0.596,0.2,0.4,0.667,0.2,1.0,1.2,0.5,0.5,0.0,0.4,1.0,5.7,,NYK
12.0,Cameron Payne,30.0,PG,72,5,15.1,2.5,6.2,0.401,1.3,3.6,0.363,1.2,2.6,0.453,0.506,0.7,0.8,0.907,0.2,1.3,1.4,2.8,0.5,0.2,0.7,1.5,6.9,,NYK
13.0,Jericho Sims,26.0,C,39,5,10.8,0.7,1.2,0.609,0.0,0.0,,0.7,1.2,0.609,0.609,0.2,0.3,0.615,1.3,2.0,3.3,0.6,0.2,0.3,0.5,1.2,1.6,,NYK
14.0,Ariel Hukporti,22.0,C,25,1,8.7,0.8,1.2,0.677,0.0,0.0,,0.8,1.2,0.677,0.677,0.2,0.5,0.462,0.6,1.5,2.0,0.4,0.0,0.6,0.8,1.3,1.9,,NYK
15.0,Kevin McCullar Jr.,23.0,SF,4,0,7.3,0.5,1.8,0.286,0.0,0.3,0.0,0.5,1.5,0.333,0.286,0.5,0.5,1.0,0.0,2.0,2.0,0.5,0.3,0.3,0.0,1.5,1.5,,NYK
16.0,Tyler Kolek,23.0,PG,41,0,7.2,0.7,2.0,0.329,0.3,1.1,0.298,0.3,0.9,0.371,0.415,0.3,0.4,0.765,0.2,0.5,0.7,1.7,0.3,0.1,0.4,0.6,2.0,,NYK
17.0,Pacome Dadiet,19.0,SG,18,0,6.2,0.6,1.7,0.323,0.3,1.1,0.316,0.2,0.7,0.333,0.419,0.2,0.3,0.667,0.2,0.8,1.0,0.3,0.2,0.1,0.2,0.4,1.7,,NYK
18.0,Matt Ryan,27.0,SF,19,0,3.6,0.5,1.6,0.323,0.3,1.0,0.316,0.2,0.6,0.333,0.419,0.1,0.1,1.0,0.0,0.4,0.4,0.2,0.1,0.0,0.2,0.1,1.5,,NYK
19.0,Jacob Toppin,24.0,SF,16,0,3.1,0.2,0.6,0.3,0.0,0.1,0.0,0.2,0.5,0.375,0.3,0.0,0.0,,0.1,0.6,0.7,0.3,0.1,0.0,0.1,0.2,0.4,,NYK
20.0,MarJon Beauchamp,24.0,SF,6,0,2.8,0.8,1.8,0.455,0.2,0.8,0.2,0.7,1.0,0.667,0.5,0.7,0.7,1.0,0.3,1.2,1.5,0.2,0.2,0.0,0.2,0.3,2.5,,NYK
21.0,Anton Watson,24.0,SF,9,0,2.4,0.4,1.0,0.444,0.0,0.1,0.0,0.4,0.9,0.5,0.444,0.0,0.0,,0.1,0.2,0.3,0.2,0.1,0.0,0.2,0.3,0.9,,NYK
,Team Totals,,,82,82,242.4,43.3,89.2,0.486,12.6,34.1,0.369,30.8,55.1,0.558,0.556,16.5,20.7,0.8,10.9,31.8,42.6,27.5,8.2,4.0,13.3,17.2,115.8,,NYK
1.0,Shai Gilgeous-Alexander,26.0,PG,76,76,34.2,11.3,21.8,0.519,2.1,5.7,0.375,9.2,16.1,0.571,0.569,7.9,8.8,0.898,0.9,4.1,5.0,6.4,1.7,1.0,2.4,2.2,32.7,,OKC
2.0,Jalen Williams,23.0,SG,69,69,32.4,8.2,16.9,0.484,1.8,4.9,0.365,6.4,12.0,0.533,0.537,3.4,4.3,0.789,0.9,4.5,5.3,5.1,1.6,0.7,2.2,2.3,21.6,,OKC
3.0,Luguentz Dort,25.0,SF,71,71,29.2,3.6,8.4,0.435,2.4,5.8,0.412,1.2,2.5,0.489,0.578,0.5,0.6,0.717,1.3,2.9,4.1,1.6,1.1,0.5,0.7,2.9,10.1,,OKC
4.0,Isaiah Hartenstein,26.0,C,57,53,27.9,4.9,8.4,0.581,0.0,0.3,0.0,4.9,8.1,0.605,0.581,1.4,2.1,0.675,2.9,7.9,10.7,3.8,0.8,1.1,1.7,3.0,11.2,,OKC
5.0,Cason Wallace,21.0,SG,68,43,27.6,3.4,7.2,0.474,1.1,3.1,0.356,2.3,4.1,0.562,0.55,0.4,0.5,0.811,1.0,2.3,3.4,2.5,1.8,0.5,0.9,2.1,8.4,,OKC
6.0,Chet Holmgren,22.0,C,32,32,27.4,5.2,10.7,0.49,1.4,3.6,0.379,3.8,7.0,0.547,0.554,3.2,4.2,0.754,1.5,6.5,8.0,2.0,0.7,2.2,1.8,2.3,15.0,,OKC
7.0,Aaron Wiggins,26.0,SG,76,26,22.9,4.7,9.6,0.488,1.7,4.5,0.383,3.0,5.1,0.578,0.577,1.0,1.2,0.831,1.1,2.8,3.9,1.8,0.8,0.2,0.9,1.3,12.0,,OKC
8.0,Isaiah Joe,25.0,SG,74,16,21.7,3.5,7.9,0.44,2.6,6.3,0.412,0.9,1.6,0.549,0.604,0.6,0.8,0.821,0.6,2.1,2.6,1.6,0.6,0.1,0.5,1.5,10.2,,OKC
9.0,Alex Caruso,30.0,SG,54,3,19.3,2.6,5.8,0.446,1.1,3.1,0.353,1.5,2.7,0.556,0.541,0.8,0.9,0.824,0.7,2.2,2.9,2.5,1.6,0.6,0.7,1.9,7.1,,OKC
10.0,Jaylin Williams,22.0,PF,47,9,16.7,2.1,4.7,0.439,1.3,3.3,0.399,0.8,1.4,0.529,0.577,0.5,0.6,0.767,1.0,4.6,5.6,2.6,0.5,0.6,0.7,1.7,5.9,,OKC
11.0,Ajay Mitchell,22.0,SG,36,1,16.6,2.5,5.1,0.495,0.6,1.7,0.383,1.9,3.4,0.548,0.557,0.8,1.0,0.829,0.5,1.4,1.9,1.8,0.7,0.1,0.8,1.9,6.5,,OKC
12.0,Kenrich Williams,30.0,PF,69,7,16.4,2.5,5.1,0.483,1.0,2.5,0.386,1.5,2.7,0.574,0.576,0.4,0.6,0.718,0.9,2.6,3.5,1.4,0.6,0.1,0.6,1.6,6.3,,OKC
13.0,Ousmane Dieng,21.0,C,37,1,10.9,1.5,3.4,0.432,0.6,1.9,0.324,0.8,1.5,0.574,0.524,0.3,0.4,0.688,0.5,1.7,2.2,0.8,0.5,0.2,0.5,0.9,3.8,,OKC
14.0,Dillon Jones,23.0,SF,54,3,10.2,0.9,2.5,0.383,0.3,1.2,0.254,0.6,1.3,0.5,0.444,0.3,0.5,0.607,0.6,1.7,2.2,1.1,0.3,0.1,0.5,1.0,2.5,,OKC
15.0,Branden Carlson,25.0,C,32,0,7.7,1.3,3.0,0.443,0.7,2.1,0.333,0.7,1.0,0.677,0.557,0.4,0.6,0.778,0.5,1.2,1.7,0.4,0.2,0.7,0.2,0.7,3.8,,OKC
16.0,Alex Ducas,24.0,SG,21,0,6.0,0.6,1.4,0.4,0.5,1.0,0.476,0.1,0.4,0.222,0.567,0.1,0.1,1.0,0.4,0.8,1.2,0.2,0.2,0.0,0.2,0.6,1.7,,OKC
17.0,Adam Flagler,25.0,SG,37,0,5.5,0.7,2.6,0.26,0.4,1.9,0.194,0.3,0.6,0.458,0.333,0.0,0.1,0.5,0.2,0.5,0.7,0.3,0.2,0.1,0.1,0.4,1.8,,OKC
18.0,Malevy Leons,25.0,SF,6,0,3.5,0.0,0.3,0.0,0.0,0.2,0.0,0.0,0.2,0.0,0.0,0.3,0.7,0.5,0.2,0.3,0.5,0.2,0.0,0.0,0.2,0.7,0.3,,OKC
19.0,Alex Reese,25.0,PF,1,0,2.0,1.0,1.0,1.0,0.0,0.0,,1.0,1.0,1.0,1.0,0.0,0.0,,1.0,0.0,1.0,0.0,0.0,0.0,0.0,0.0,2.0,,OKC
,Team Totals,,,82,82,240.3,44.6,92.7,0.482,14.5,38.8,0.374,30.1,53.9,0.559,0.56,16.7,20.4,0.819,10.6,34.2,44.8,26.9,10.3,5.7,11.7,19.9,120.5,,OKC
1.0,Paolo Banchero,22.0,PF,46,46,34.4,9.0,19.8,0.452,1.9,5.9,0.32,7.1,13.9,0.509,0.5,6.1,8.4,0.727,1.1,6.4,7.5,4.8,0.8,0.6,3.0,2.1,25.9,,ORL
2.0,Franz Wagner,23.0,SF,60,60,33.7,9.0,19.4,0.463,1.7,5.9,0.295,7.2,13.5,0.535,0.507,4.5,5.2,0.871,0.9,4.8,5.7,4.7,1.3,0.4,2.3,2.5,24.2,,ORL
3.0,Kentavious Caldwell-Pope,31.0,SG,77,77,29.6,3.1,7.1,0.439,1.5,4.3,0.342,1.6,2.8,0.589,0.543,1.1,1.2,0.863,0.4,1.8,2.2,1.8,1.3,0.4,0.8,1.8,8.7,,ORL
4.0,Jalen Suggs,23.0,PG,35,35,28.6,5.6,13.7,0.41,2.2,6.9,0.314,3.5,6.8,0.506,0.489,2.8,3.1,0.882,0.7,3.4,4.0,3.7,1.5,0.9,2.9,2.8,16.2,,ORL
5.0,Wendell Carter Jr.,25.0,C,68,51,25.9,3.3,7.2,0.46,0.5,2.3,0.234,2.8,4.9,0.568,0.498,1.9,2.6,0.737,2.2,5.0,7.2,2.0,0.8,0.6,1.1,2.9,9.1,,ORL
6.0,Anthony Black,21.0,PG,78,10,24.2,3.4,7.9,0.423,0.8,2.5,0.318,2.6,5.4,0.471,0.473,1.9,2.5,0.761,0.7,2.3,2.9,3.1,1.1,0.6,1.8,2.1,9.4,,ORL
7.0,Tristan Da Silva,23.0,SF,74,38,22.0,2.7,6.5,0.412,1.1,3.2,0.335,1.6,3.3,0.488,0.495,0.7,0.9,0.873,1.0,2.3,3.3,1.5,0.4,0.2,0.8,1.3,7.2,,ORL
8.0,Goga Bitadze,25.0,C,70,42,20.4,3.0,4.8,0.611,0.0,0.4,0.107,2.9,4.4,0.656,0.615,1.2,1.9,0.639,2.4,4.2,6.6,2.0,0.7,1.4,1.0,2.1,7.2,,ORL
9.0,Moritz Wagner,27.0,C,30,1,18.8,4.7,8.3,0.562,0.9,2.5,0.36,3.8,5.8,0.649,0.616,2.6,3.7,0.718,1.3,3.6,4.9,1.4,0.8,0.4,1.6,1.8,12.9,,ORL
10.0,Cole Anthony,24.0,PG,67,22,18.4,3.4,8.1,0.424,1.1,3.3,0.353,2.3,4.9,0.471,0.494,1.4,1.7,0.823,0.7,2.4,3.0,2.9,0.7,0.5,1.5,2.3,9.4,,ORL
11.0,Jonathan Isaac,27.0,PF,71,1,15.4,1.9,4.6,0.414,0.5,2.1,0.258,1.3,2.4,0.549,0.474,1.0,1.5,0.682,1.7,2.7,4.4,0.6,0.9,1.1,0.5,1.3,5.4,,ORL
12.0,Gary Harris,30.0,SG,48,3,14.8,1.1,2.8,0.383,0.8,2.1,0.356,0.3,0.7,0.469,0.519,0.1,0.3,0.583,0.4,0.9,1.3,0.6,0.5,0.3,0.4,0.9,3.0,,ORL
13.0,Trevelin Queen,27.0,SG,31,2,13.9,1.8,4.7,0.381,0.7,2.5,0.286,1.1,2.3,0.486,0.456,0.6,0.7,0.857,0.8,0.9,1.7,1.2,1.0,0.3,0.7,1.2,4.9,,ORL
14.0,Caleb Houstan,22.0,SF,58,6,13.6,1.4,3.3,0.421,1.1,2.8,0.4,0.3,0.5,0.533,0.589,0.3,0.3,0.882,0.3,1.0,1.3,0.6,0.4,0.1,0.2,1.1,4.1,,ORL
15.0,Cory Joseph,33.0,PG,50,16,12.2,1.2,3.1,0.403,0.8,2.1,0.364,0.5,0.9,0.489,0.529,0.3,0.4,0.778,0.3,1.1,1.5,1.4,0.5,0.1,0.4,1.0,3.5,,ORL
16.0,Jett Howard,21.0,SF,60,0,11.7,1.6,4.4,0.374,0.9,3.1,0.296,0.7,1.3,0.566,0.479,0.3,0.4,0.696,0.3,0.8,1.2,0.7,0.2,0.2,0.6,1.1,4.5,,ORL
17.0,Mac McClung,26.0,SG,2,0,5.0,0.0,1.0,0.0,0.0,0.5,0.0,0.0,0.5,0.0,0.0,0.0,0.0,,0.0,0.5,0.5,1.5,0.0,0.0,0.0,1.0,0.0,,ORL
,Team Totals,,,82,82,240.6,38.2,85.8,0.445,11.2,35.3,0.318,26.9,50.5,0.533,0.51,17.9,23.0,0.775,11.1,30.7,41.8,23.0,8.9,6.0,14.2,20.1,105.4,,ORL
1.0,Tyrese Maxey,24.0,PG,52,52,37.7,9.2,21.0,0.437,3.1,9.2,0.337,6.1,11.8,0.515,0.511,4.9,5.6,0.879,0.3,3.1,3.3,6.1,1.8,0.4,2.4,2.2,26.3,,PHI
2.0,Kelly Oubre Jr.,29.0,SF,60,57,34.6,5.8,12.4,0.47,1.2,4.0,0.293,4.6,8.3,0.555,0.518,2.3,3.1,0.751,1.6,4.5,6.1,1.8,1.5,0.5,1.3,3.0,15.1,,PHI
3.0,Quentin Grimes,24.0,SG,28,25,33.7,7.7,16.4,0.469,2.9,7.9,0.373,4.8,8.5,0.559,0.559,3.6,4.8,0.752,1.0,4.1,5.2,4.5,1.5,0.4,2.9,2.1,21.9,,PHI
4.0,Paul George,34.0,PF,41,41,32.5,6.0,13.9,0.43,2.3,6.5,0.358,3.6,7.4,0.493,0.514,1.9,2.4,0.814,0.6,4.8,5.3,4.3,1.8,0.5,2.6,2.5,16.2,,PHI
5.0,Caleb Martin,29.0,SF,31,24,30.4,3.3,7.5,0.435,1.1,2.8,0.379,2.2,4.7,0.469,0.506,1.5,2.4,0.622,1.4,3.0,4.4,2.2,1.1,0.6,1.4,2.0,9.1,,PHI
6.0,Joel Embiid,30.0,C,19,19,30.2,7.4,16.6,0.444,1.2,4.1,0.299,6.2,12.5,0.492,0.481,7.8,8.9,0.882,1.9,6.3,8.2,4.5,0.7,0.9,3.3,2.2,23.8,,PHI
7.0,Guerschon Yabusele,29.0,C,70,43,27.1,4.0,8.0,0.501,1.5,3.9,0.38,2.5,4.1,0.616,0.593,1.4,2.0,0.725,1.9,3.7,5.6,2.1,0.8,0.3,1.2,2.3,11.0,,PHI
8.0,Justin Edwards,21.0,SF,44,26,26.3,3.9,8.6,0.455,1.6,4.3,0.363,2.3,4.3,0.548,0.546,0.7,1.0,0.696,1.0,2.3,3.4,1.6,1.0,0.4,1.1,2.2,10.1,,PHI
9.0,Jared McCain,20.0,SG,23,8,25.7,5.5,11.9,0.46,2.2,5.8,0.383,3.3,6.1,0.532,0.553,2.1,2.4,0.875,0.6,1.9,2.4,2.6,0.7,0.0,1.6,1.6,15.3,,PHI
10.0,Marcus Bagley,23.0,SF,10,4,25.3,2.7,6.9,0.391,0.5,3.2,0.156,2.2,3.7,0.595,0.428,0.8,1.0,0.8,2.3,4.7,7.0,1.0,0.9,1.2,0.7,1.6,6.7,,PHI
11.0,Chuma Okeke,26.0,PF,7,3,24.4,2.6,4.7,0.545,1.4,3.1,0.455,1.1,1.6,0.727,0.697,0.3,0.4,0.667,2.9,3.3,6.1,1.9,0.7,0.4,0.4,0.7,6.9,,PHI
12.0,Jared Butler,24.0,SG,28,17,24.4,4.2,9.9,0.426,1.6,4.6,0.352,2.6,5.3,0.49,0.507,1.4,1.6,0.87,0.4,2.1,2.5,4.9,1.1,0.3,1.8,2.0,11.5,,PHI
13.0,Lonnie Walker IV,26.0,SG,20,7,23.9,4.5,10.6,0.42,2.3,6.4,0.354,2.2,4.3,0.518,0.526,1.2,1.5,0.8,0.3,2.9,3.2,2.5,0.5,0.3,1.3,1.4,12.4,,PHI
14.0,Oshae Brissett,26.0,SF,6,2,23.7,3.2,6.5,0.487,1.0,3.0,0.333,2.2,3.5,0.619,0.564,1.3,2.3,0.571,1.2,2.5,3.7,0.7,0.7,0.5,1.3,2.3,8.7,,PHI
15.0,Jalen Hood-Schifino,21.0,SG,13,0,23.2,2.8,7.5,0.371,1.1,3.5,0.304,1.7,3.9,0.431,0.443,1.2,1.5,0.842,0.2,1.8,2.0,2.8,0.4,0.5,1.3,1.7,7.8,,PHI
16.0,KJ Martin,24.0,PF,24,7,20.0,2.5,4.1,0.616,0.3,0.9,0.381,2.2,3.3,0.679,0.657,1.0,1.2,0.828,0.9,2.1,3.0,0.8,0.5,0.7,0.5,2.6,6.4,,PHI
17.0,Eric Gordon,36.0,SG,39,13,19.7,2.2,5.2,0.426,1.4,3.5,0.409,0.8,1.7,0.463,0.564,0.9,1.2,0.75,0.2,1.0,1.2,1.7,0.7,0.3,0.7,0.8,6.8,,PHI
18.0,Colin Castleton,24.0,C,5,0,19.6,2.4,4.8,0.5,0.0,0.8,0.0,2.4,4.0,0.6,0.5,1.2,1.8,0.667,3.2,4.2,7.4,2.0,0.2,0.2,0.2,2.6,6.0,,PHI
19.0,Kyle Lowry,38.0,PG,35,12,18.8,1.2,3.3,0.35,0.8,2.5,0.33,0.3,0.8,0.414,0.474,0.8,0.9,0.818,0.3,1.6,1.9,2.7,0.9,0.3,0.6,1.8,3.9,,PHI
20.0,Andre Drummond,31.0,C,40,23,18.8,2.9,5.9,0.5,0.1,0.5,0.15,2.9,5.4,0.533,0.506,1.4,2.3,0.622,2.7,5.0,7.8,0.9,1.0,0.5,1.4,2.4,7.3,,PHI
21.0,Ricky Council IV,23.0,SF,73,12,17.1,2.4,6.3,0.382,0.8,2.9,0.258,1.7,3.4,0.488,0.442,1.7,2.1,0.804,0.7,2.2,2.9,1.3,0.4,0.2,0.7,0.9,7.3,,PHI
22.0,Isaiah Mobley,25.0,PF,1,0,17.0,2.0,7.0,0.286,1.0,3.0,0.333,1.0,4.0,0.25,0.357,1.0,2.0,0.5,1.0,3.0,4.0,5.0,1.0,1.0,0.0,3.0,6.0,,PHI
23.0,Adem Bona,21.0,C,58,11,15.6,2.3,3.3,0.703,0.0,0.0,0.0,2.3,3.3,0.707,0.703,1.2,1.7,0.67,1.6,2.6,4.2,0.5,0.4,1.2,1.1,2.2,5.8,,PHI
24.0,Alex Reese,25.0,PF,14,0,15.3,1.8,3.8,0.472,1.1,2.9,0.366,0.7,0.9,0.833,0.613,0.6,0.9,0.75,0.6,2.7,3.3,0.3,0.7,0.7,0.4,1.5,5.3,,PHI
25.0,Jeff Dowtin,27.0,PG,41,3,15.1,2.7,5.6,0.487,0.7,1.7,0.4,2.0,3.9,0.525,0.548,0.8,1.1,0.733,0.3,1.2,1.5,1.9,0.6,0.3,0.4,0.7,7.0,,PHI
26.0,Reggie Jackson,34.0,PG,31,1,12.4,1.7,4.3,0.391,0.8,2.4,0.338,0.9,1.9,0.458,0.485,0.2,0.3,0.778,0.3,1.1,1.4,1.5,0.5,0.1,0.5,1.1,4.4,,PHI
27.0,Pete Nance,24.0,C,7,0,9.7,0.7,2.1,0.333,0.6,1.7,0.333,0.1,0.4,0.333,0.467,0.1,0.3,0.5,0.3,1.1,1.4,0.4,0.1,0.0,0.0,1.4,2.1,,PHI
28.0,David Roddy,23.0,PF,3,0,9.7,2.7,6.3,0.421,0.7,3.7,0.182,2.0,2.7,0.75,0.474,0.0,0.0,,0.7,2.3,3.0,1.0,0.7,0.0,0.3,0.3,6.0,,PHI
29.0,Phillip Wheeler,22.0,PF,5,0,8.8,0.6,4.2,0.143,0.0,2.0,0.0,0.6,2.2,0.273,0.143,0.4,0.4,1.0,0.4,1.2,1.6,0.4,0.2,0.4,0.2,0.2,1.6,,PHI
30.0,Lester Quiñones,24.0,SG,4,0,4.3,1.0,2.0,0.5,0.0,0.8,0.0,1.0,1.3,0.8,0.5,0.3,0.3,1.0,0.8,0.3,1.0,0.3,0.0,0.0,1.0,0.0,2.3,,PHI
,Team Totals,,,82,82,241.5,39.7,87.4,0.454,12.7,37.2,0.341,27.0,50.2,0.537,0.527,17.5,22.5,0.78,10.4,29.4,39.8,23.2,9.2,4.5,13.6,19.0,109.6,,PHI
1.0,Devin Booker,28.0,SG,75,75,37.3,8.7,18.9,0.461,2.4,7.3,0.332,6.3,11.6,0.542,0.525,5.8,6.4,0.894,1.0,3.1,4.1,7.1,0.9,0.2,2.9,2.6,25.6,,PHO
2.0,Kevin Durant,36.0,PF,62,62,36.5,9.5,18.1,0.527,2.6,6.0,0.43,7.0,12.1,0.574,0.598,4.9,5.8,0.839,0.4,5.7,6.0,4.2,0.8,1.2,3.1,1.7,26.6,,PHO
3.0,Bradley Beal,31.0,SG,53,38,32.1,6.5,13.1,0.497,1.9,5.0,0.386,4.6,8.1,0.565,0.571,2.1,2.6,0.803,0.6,2.7,3.3,3.7,1.1,0.5,1.9,2.6,17.0,,PHO
4.0,Tyus Jones,28.0,PG,81,58,26.8,3.8,8.4,0.448,2.0,5.0,0.414,1.7,3.5,0.496,0.57,0.6,0.7,0.895,0.5,1.9,2.4,5.3,0.9,0.1,1.1,0.8,10.2,,PHO
5.0,Royce O'Neale,31.0,SF,75,22,24.5,3.2,7.6,0.423,2.4,5.9,0.406,0.8,1.7,0.481,0.58,0.3,0.3,0.731,0.7,3.9,4.7,2.2,0.9,0.5,0.9,2.0,9.1,,PHO
6.0,Grayson Allen,29.0,SG,64,7,24.1,3.4,7.6,0.448,2.3,5.5,0.426,1.1,2.2,0.504,0.6,1.5,1.8,0.816,0.5,2.5,3.0,2.1,0.8,0.3,1.2,1.5,10.6,,PHO
7.0,Jusuf Nurkić,30.0,C,25,23,23.7,3.0,6.5,0.454,0.8,2.4,0.322,2.2,4.2,0.529,0.512,1.9,2.8,0.696,1.8,7.3,9.2,1.9,0.9,0.6,2.3,3.1,8.6,,PHO
8.0,Nick Richards,27.0,C,36,34,22.7,3.9,6.5,0.605,0.0,0.0,0.0,3.9,6.4,0.608,0.605,1.7,2.0,0.822,2.7,5.9,8.6,0.6,0.2,0.8,1.3,2.6,9.5,,PHO
9.0,Ryan Dunn,22.0,SF,74,44,19.1,2.8,6.4,0.43,1.1,3.6,0.311,1.7,2.9,0.577,0.516,0.3,0.5,0.487,1.2,2.4,3.6,0.8,0.6,0.5,0.5,2.2,6.9,,PHO
10.0,Mason Plumlee,34.0,C,74,21,17.6,1.7,2.7,0.619,0.0,0.1,0.0,1.7,2.7,0.631,0.619,1.1,1.7,0.648,1.6,4.6,6.1,1.8,0.4,0.6,0.8,2.1,4.5,,PHO
11.0,Oso Ighodaro,22.0,PF,61,6,17.1,1.9,3.1,0.604,0.0,0.0,0.0,1.9,3.0,0.611,0.604,0.5,0.8,0.58,1.1,2.6,3.6,1.2,0.5,0.5,0.6,1.7,4.2,,PHO
12.0,Cody Martin,29.0,SF,14,0,14.7,1.4,4.1,0.351,0.2,1.9,0.111,1.2,2.1,0.567,0.377,0.6,0.9,0.75,0.9,2.5,3.4,1.1,0.9,0.4,0.6,1.6,3.7,,PHO
13.0,Collin Gillespie,25.0,PG,33,9,14.0,2.1,4.8,0.43,1.2,2.7,0.433,0.9,2.1,0.426,0.554,0.6,0.7,0.864,0.7,1.7,2.4,2.4,0.6,0.2,0.5,0.9,5.9,,PHO
14.0,Josh Okogie,26.0,SG,25,1,14.0,2.2,4.6,0.491,0.6,1.7,0.381,1.6,2.9,0.556,0.561,0.9,1.3,0.688,1.3,1.6,2.9,0.6,0.8,0.4,0.6,1.1,6.0,,PHO
15.0,Monte Morris,29.0,PG,45,0,12.7,1.8,4.3,0.426,0.7,1.9,0.36,1.2,2.4,0.477,0.505,0.8,0.9,0.857,0.3,1.2,1.5,1.6,0.4,0.1,0.5,0.5,5.2,,PHO
16.0,Bol Bol,25.0,PF,36,10,12.4,2.7,5.1,0.525,0.9,2.6,0.344,1.8,2.5,0.711,0.612,0.6,0.7,0.769,0.6,2.3,2.9,0.6,0.3,0.7,0.6,0.6,6.8,,PHO
17.0,TyTy Washington Jr.,23.0,PG,16,0,7.4,0.9,2.8,0.311,0.3,1.3,0.19,0.6,1.5,0.417,0.356,0.2,0.4,0.5,0.3,0.6,0.8,1.0,0.2,0.0,0.2,0.3,2.2,,PHO
18.0,Damion Lee,32.0,SG,25,0,5.8,1.1,3.0,0.365,0.4,1.5,0.243,0.7,1.5,0.486,0.426,0.8,0.8,0.952,0.1,0.7,0.8,0.4,0.2,0.0,0.4,0.2,3.3,,PHO
19.0,Vasilije Micić,31.0,PG,5,0,4.2,0.0,0.0,,0.0,0.0,,0.0,0.0,,,0.0,0.0,,0.0,0.4,0.4,0.2,0.0,0.0,0.6,0.2,0.0,,PHO
20.0,Jalen Bridges,23.0,SF,8,0,3.8,0.3,0.9,0.286,0.3,0.9,0.286,0.0,0.0,,0.429,0.4,0.5,0.75,0.0,0.5,0.5,0.0,0.0,0.0,0.5,0.0,1.1,,PHO
,Team Totals,,,82,82,241.8,41.2,86.3,0.478,14.3,38.0,0.378,26.9,48.3,0.556,0.561,16.8,20.8,0.81,9.5,32.9,42.5,27.8,7.2,4.8,14.1,17.9,113.6,,PHO
1.0,Toumani Camara,24.0,PF,78,78,32.7,4.2,9.2,0.458,1.7,4.6,0.375,2.5,4.6,0.542,0.552,1.2,1.6,0.722,2.2,3.6,5.8,2.2,1.5,0.6,1.4,2.9,11.3,,POR
2.0,Anfernee Simons,25.0,SG,70,70,32.7,6.8,16.1,0.426,3.1,8.5,0.363,3.8,7.6,0.496,0.521,2.5,2.8,0.902,0.4,2.3,2.7,4.8,0.9,0.1,2.0,1.7,19.3,,POR
3.0,Jerami Grant,30.0,PF,47,47,32.4,4.6,12.2,0.373,2.3,6.3,0.365,2.3,5.9,0.381,0.467,3.0,3.5,0.849,0.6,2.9,3.5,2.1,0.9,1.0,1.4,2.3,14.4,,POR
4.0,Shaedon Sharpe,21.0,SG,72,52,31.3,6.9,15.3,0.452,2.0,6.6,0.311,4.9,8.8,0.557,0.519,2.6,3.4,0.785,0.9,3.6,4.5,2.8,0.9,0.2,2.1,1.7,18.5,,POR
5.0,Deandre Ayton,26.0,C,40,40,30.2,6.6,11.7,0.566,0.2,0.8,0.188,6.5,10.9,0.594,0.573,1.0,1.5,0.667,3.1,7.1,10.2,1.6,0.8,1.0,1.7,2.2,14.4,,POR
6.0,Deni Avdija,24.0,SF,72,54,30.0,5.6,11.7,0.476,1.7,4.8,0.365,3.8,7.0,0.552,0.55,4.0,5.2,0.78,1.5,5.7,7.3,3.9,1.0,0.5,2.7,2.4,16.9,,POR
7.0,Scoot Henderson,20.0,PG,66,10,26.7,4.3,10.4,0.419,1.6,4.5,0.354,2.8,5.9,0.469,0.496,2.4,3.1,0.767,0.8,2.2,3.0,5.1,1.0,0.2,2.7,2.7,12.7,,POR
8.0,Matisse Thybulle,27.0,SG,15,5,20.8,2.8,5.9,0.477,1.4,3.2,0.438,1.4,2.7,0.525,0.597,0.5,1.0,0.467,0.9,2.5,3.5,1.9,2.2,0.6,0.9,0.9,7.5,,POR
9.0,Donovan Clingan,20.0,C,67,37,19.8,2.7,5.0,0.539,0.2,0.7,0.286,2.5,4.3,0.582,0.56,0.9,1.6,0.596,3.2,4.6,7.9,1.1,0.5,1.6,1.1,2.8,6.5,,POR
10.0,Robert Williams,27.0,C,20,3,17.6,2.5,3.9,0.641,0.1,0.2,0.333,2.5,3.8,0.653,0.647,0.8,0.9,0.882,1.8,4.2,5.9,1.1,0.7,1.7,0.9,1.6,5.8,,POR
11.0,Dalano Banton,25.0,PG,67,7,16.7,3.0,7.6,0.391,1.1,3.3,0.324,1.9,4.3,0.442,0.462,1.4,1.9,0.728,0.4,1.6,2.0,2.4,0.6,0.5,1.3,0.9,8.3,,POR
12.0,Kris Murray,24.0,SF,69,6,15.1,1.7,4.0,0.419,0.4,1.7,0.225,1.3,2.3,0.566,0.468,0.4,0.8,0.456,1.1,1.5,2.6,1.0,0.5,0.2,0.6,1.0,4.2,,POR
13.0,Jabari Walker,22.0,SF,60,1,12.5,2.0,3.8,0.515,0.5,1.2,0.389,1.5,2.6,0.573,0.576,0.8,1.2,0.69,1.0,2.5,3.5,0.6,0.6,0.1,0.6,1.5,5.2,,POR
14.0,Sidy Cissoko,20.0,SF,5,0,12.0,0.8,2.4,0.333,0.0,1.2,0.0,0.8,1.2,0.667,0.333,0.4,0.6,0.667,1.0,1.2,2.2,1.8,0.2,0.2,1.8,0.8,2.0,,POR
15.0,Duop Reath,28.0,C,46,0,10.2,1.5,3.6,0.422,0.7,2.3,0.321,0.8,1.3,0.6,0.524,0.4,0.5,0.909,1.0,1.0,2.0,0.6,0.3,0.3,0.3,0.9,4.2,,POR
16.0,Taze Moore,26.0,SG,2,0,10.0,1.0,5.0,0.2,0.5,2.0,0.25,0.5,3.0,0.167,0.25,0.5,1.0,0.5,2.0,2.0,4.0,0.5,1.0,0.0,1.0,0.0,3.0,,POR
17.0,Rayan Rupert,20.0,SG,52,0,8.8,1.1,2.7,0.408,0.3,1.1,0.271,0.8,1.6,0.506,0.465,0.4,0.6,0.767,0.5,0.8,1.3,0.5,0.3,0.1,0.6,0.7,3.0,,POR
18.0,Justin Minaya,25.0,SF,19,0,5.3,0.4,1.1,0.381,0.1,0.5,0.2,0.3,0.6,0.545,0.429,0.0,0.1,0.0,0.3,0.3,0.5,0.4,0.3,0.1,0.3,0.6,0.9,,POR
19.0,Bryce McGowens,22.0,SG,13,0,2.5,0.3,1.1,0.286,0.0,0.3,0.0,0.3,0.8,0.4,0.286,0.4,0.5,0.833,0.2,0.1,0.2,0.2,0.1,0.0,0.3,0.2,1.0,,POR
,Team Totals,,,82,82,241.2,40.5,90.2,0.45,12.9,37.7,0.342,27.7,52.5,0.527,0.521,16.9,22.2,0.762,13.4,31.4,44.8,23.8,8.3,5.3,16.0,19.0,110.9,,POR
1.0,De'Aaron Fox,27.0,PG,45,45,37.0,9.2,19.6,0.469,2.0,6.4,0.322,7.2,13.3,0.539,0.521,4.5,5.5,0.829,1.0,4.0,5.0,6.1,1.5,0.4,3.0,2.6,25.0,,SAC
2.0,Zach LaVine,29.0,SG,32,32,36.6,8.2,16.0,0.511,3.2,7.2,0.446,5.0,8.8,0.564,0.611,2.8,3.2,0.874,0.3,3.2,3.5,3.8,0.6,0.1,2.7,1.8,22.4,,SAC
3.0,DeMar DeRozan,35.0,SF,77,77,35.9,8.1,17.0,0.477,1.1,3.3,0.328,7.0,13.7,0.513,0.509,4.9,5.7,0.857,0.6,3.2,3.9,4.4,0.8,0.4,1.4,1.9,22.2,,SAC
4.0,Domantas Sabonis,28.0,C,70,70,34.7,7.5,12.8,0.59,0.9,2.2,0.417,6.6,10.5,0.627,0.627,3.1,4.1,0.754,3.8,10.1,13.9,6.0,0.7,0.4,2.9,3.3,19.1,,SAC
5.0,Keegan Murray,24.0,PF,76,76,34.3,4.8,10.8,0.444,2.0,5.9,0.343,2.8,4.9,0.566,0.538,0.8,0.9,0.833,1.9,4.8,6.7,1.4,0.8,0.9,0.8,2.4,12.4,,SAC
6.0,Malik Monk,26.0,SG,65,45,31.6,6.3,14.4,0.439,2.1,6.6,0.325,4.2,7.9,0.534,0.513,2.4,2.7,0.865,0.5,3.3,3.8,5.6,0.9,0.6,2.4,2.4,17.2,,SAC
7.0,Keon Ellis,25.0,SG,80,28,24.4,2.8,5.8,0.489,1.7,4.0,0.433,1.1,1.8,0.615,0.639,0.9,1.1,0.849,0.8,1.9,2.7,1.5,1.5,0.8,0.9,2.2,8.3,,SAC
8.0,Kevin Huerter,26.0,SG,43,15,20.9,3.0,7.2,0.413,1.4,4.8,0.302,1.5,2.4,0.629,0.513,0.5,0.7,0.714,0.4,2.3,2.8,1.7,0.8,0.4,0.9,1.6,7.9,,SAC
9.0,Trey Lyles,29.0,PF,69,5,19.6,2.3,5.4,0.42,1.2,3.4,0.34,1.1,2.0,0.559,0.528,0.8,1.2,0.7,1.2,3.4,4.6,1.2,0.6,0.3,0.6,1.2,6.5,,SAC
10.0,Jake LaRavia,23.0,PF,19,0,19.3,2.2,5.1,0.438,1.1,2.7,0.385,1.2,2.3,0.5,0.542,0.6,1.0,0.579,1.2,1.6,2.8,1.3,0.9,0.2,0.9,2.1,6.1,,SAC
11.0,Jonas Valančiūnas,32.0,C,32,9,16.9,3.6,6.4,0.556,0.0,0.3,0.1,3.5,6.1,0.579,0.559,1.6,1.8,0.847,2.2,4.8,7.0,1.8,0.5,0.6,1.0,2.6,8.7,,SAC
12.0,Jae Crowder,34.0,PF,9,2,11.4,0.8,2.4,0.318,0.4,1.7,0.267,0.3,0.8,0.429,0.409,0.6,0.7,0.833,0.7,1.6,2.2,0.7,0.3,0.0,0.4,1.1,2.6,,SAC
13.0,Devin Carter,22.0,PG,36,0,11.0,1.3,3.5,0.37,0.5,1.7,0.295,0.8,1.8,0.439,0.441,0.7,1.2,0.591,0.5,1.6,2.1,1.1,0.6,0.1,0.5,1.1,3.8,,SAC
14.0,Markelle Fultz,26.0,PG,21,0,8.8,1.3,3.2,0.418,0.2,0.4,0.5,1.1,2.8,0.407,0.448,0.0,0.0,1.0,0.3,0.7,1.0,1.3,0.5,0.1,0.7,0.6,2.9,,SAC
15.0,Doug McDermott,33.0,SF,42,3,8.1,1.2,2.8,0.427,1.0,2.4,0.436,0.1,0.4,0.375,0.615,0.1,0.1,0.6,0.1,0.5,0.5,0.2,0.1,0.0,0.1,0.7,3.5,,SAC
16.0,Terence Davis,27.0,SG,1,0,8.0,0.0,2.0,0.0,0.0,1.0,0.0,0.0,1.0,0.0,0.0,0.0,0.0,,0.0,1.0,1.0,1.0,0.0,0.0,0.0,0.0,0.0,,SAC
17.0,Isaac Jones,24.0,PF,40,0,7.6,1.4,2.1,0.651,0.1,0.2,0.375,1.3,1.9,0.68,0.669,0.6,0.9,0.639,0.6,0.9,1.4,0.3,0.1,0.3,0.4,0.8,3.4,,SAC
18.0,Alex Len,31.0,C,36,3,7.2,0.6,1.1,0.537,0.0,0.2,0.167,0.6,1.0,0.6,0.549,0.2,0.4,0.538,0.7,1.1,1.8,0.8,0.2,0.5,0.3,1.0,1.4,,SAC
19.0,Jordan McLaughlin,28.0,PG,28,0,6.8,0.6,1.6,0.364,0.4,0.9,0.385,0.2,0.6,0.333,0.477,0.4,0.6,0.688,0.1,0.6,0.8,0.9,0.4,0.0,0.4,0.5,1.9,,SAC
20.0,Orlando Robinson,24.0,C,9,0,6.3,0.8,1.9,0.412,0.1,0.6,0.2,0.7,1.3,0.5,0.441,0.4,0.8,0.571,0.3,1.2,1.6,1.0,0.3,0.1,0.4,0.7,2.1,,SAC
21.0,Colby Jones,22.0,SG,24,0,5.4,0.5,1.1,0.423,0.2,0.4,0.4,0.3,0.7,0.438,0.5,0.0,0.0,,0.3,0.6,1.0,0.3,0.3,0.3,0.3,0.5,1.1,,SAC
22.0,Mason Jones,26.0,SG,10,0,4.5,0.9,1.8,0.5,0.1,0.8,0.125,0.8,1.0,0.8,0.528,0.4,0.5,0.8,0.2,0.7,0.9,1.1,0.0,0.1,0.1,0.3,2.3,,SAC
23.0,Isaiah Crawford,23.0,SF,15,0,3.1,0.3,0.7,0.455,0.1,0.3,0.2,0.3,0.4,0.667,0.5,0.1,0.3,0.5,0.1,0.5,0.5,0.1,0.1,0.1,0.1,0.1,0.9,,SAC
24.0,Skal Labissière,28.0,PF,4,0,3.0,0.5,1.0,0.5,0.3,0.3,1.0,0.3,0.8,0.333,0.625,0.0,0.0,,0.3,0.5,0.8,0.3,0.0,0.0,0.0,0.3,1.3,,SAC
25.0,Terry Taylor,25.0,PF,3,0,2.0,0.0,0.3,0.0,0.0,0.0,,0.0,0.3,0.0,0.0,0.0,0.0,,0.3,0.0,0.3,0.7,0.0,0.0,0.0,0.0,0.0,,SAC
,Team Totals,,,82,82,242.4,43.0,90.1,0.478,12.6,35.2,0.357,30.5,54.9,0.555,0.548,17.1,21.2,0.806,11.0,33.2,44.2,26.5,7.6,4.4,13.3,18.9,115.7,,SAC
1.0,De'Aaron Fox,27.0,PG,17,17,34.0,7.4,16.5,0.446,1.5,5.6,0.274,5.8,10.9,0.535,0.493,3.5,4.2,0.819,0.5,3.8,4.3,6.8,1.5,0.3,2.4,2.7,19.7,,SAS
2.0,Victor Wembanyama,21.0,C,46,46,33.2,8.9,18.6,0.476,3.1,8.8,0.352,5.8,9.9,0.586,0.559,3.4,4.1,0.836,1.8,9.2,11.0,3.7,1.1,3.8,3.2,2.3,24.3,,SAS
3.0,Devin Vassell,24.0,SG,64,53,31.0,6.2,13.9,0.443,2.5,6.7,0.368,3.7,7.2,0.513,0.532,1.5,1.9,0.792,0.5,3.5,4.0,2.9,1.3,0.5,1.4,1.7,16.3,,SAS
4.0,Chris Paul,39.0,PG,82,82,28.0,3.0,7.1,0.427,1.7,4.5,0.377,1.3,2.6,0.514,0.547,1.0,1.1,0.924,0.4,3.2,3.6,7.4,1.3,0.3,1.6,1.8,8.8,,SAS
5.0,Harrison Barnes,32.0,PF,82,82,27.2,4.2,8.3,0.508,1.9,4.4,0.433,2.3,3.9,0.591,0.622,2.0,2.4,0.809,1.2,2.6,3.8,1.7,0.5,0.2,0.6,0.9,12.3,,SAS
6.0,Stephon Castle,20.0,PG,81,47,26.7,5.2,12.2,0.428,1.2,4.1,0.285,4.0,8.1,0.501,0.476,3.1,4.2,0.724,1.1,2.6,3.7,4.1,0.9,0.3,2.2,2.0,14.7,,SAS
7.0,Jeremy Sochan,21.0,PF,54,23,25.3,4.6,8.7,0.535,0.5,1.7,0.308,4.1,7.0,0.59,0.565,1.6,2.3,0.696,2.4,4.2,6.5,2.4,0.8,0.5,1.6,2.4,11.4,,SAS
8.0,Keldon Johnson,25.0,SF,77,0,23.9,4.8,10.0,0.482,1.1,3.6,0.318,3.7,6.4,0.573,0.538,1.9,2.5,0.773,1.5,3.4,4.8,1.6,0.6,0.3,1.0,1.5,12.7,,SAS
9.0,Julian Champagnie,23.0,SF,82,29,23.6,3.4,8.1,0.415,2.2,5.9,0.371,1.2,2.3,0.53,0.549,1.0,1.1,0.904,0.8,3.1,3.9,1.4,0.7,0.4,0.9,1.4,9.9,,SAS
10.0,Bismack Biyombo,32.0,C,28,26,18.9,2.4,4.1,0.588,0.0,0.0,,2.4,4.1,0.588,0.588,0.4,0.9,0.4,1.5,4.1,5.6,1.1,0.6,0.8,1.0,1.9,5.1,,SAS
11.0,Tre Jones,25.0,PG,28,0,16.1,1.6,3.3,0.484,0.3,0.9,0.308,1.3,2.4,0.552,0.527,0.9,1.2,0.758,0.5,1.5,2.1,3.7,0.6,0.2,0.8,1.2,4.4,,SAS
12.0,Blake Wesley,21.0,SG,58,0,11.8,1.4,3.2,0.435,0.3,1.0,0.293,1.1,2.2,0.5,0.481,0.7,1.1,0.623,0.3,0.8,1.1,2.0,0.6,0.1,0.9,0.8,3.7,,SAS
13.0,Zach Collins,27.0,C,36,4,11.8,1.7,3.7,0.462,0.4,1.3,0.304,1.3,2.4,0.547,0.515,0.9,1.0,0.886,1.1,1.8,2.8,1.4,0.4,0.4,0.6,1.9,4.6,,SAS
14.0,Sandro Mamukelashvili,25.0,PF,61,0,11.2,2.3,4.6,0.502,1.0,2.6,0.373,1.3,2.0,0.675,0.609,0.7,1.0,0.741,1.0,2.0,3.1,0.8,0.4,0.3,0.4,1.0,6.3,,SAS
15.0,Charles Bassey,24.0,C,36,1,10.4,1.9,3.3,0.581,0.0,0.0,,1.9,3.3,0.581,0.581,0.6,0.9,0.636,1.6,2.7,4.2,0.5,0.4,0.8,0.6,1.4,4.4,,SAS
16.0,Malaki Branham,21.0,SG,47,0,9.1,1.9,4.0,0.458,0.7,1.8,0.405,1.1,2.3,0.5,0.547,0.6,0.7,0.818,0.1,0.9,1.1,0.8,0.2,0.0,0.7,0.6,5.0,,SAS
17.0,Riley Minix,24.0,SF,1,0,7.0,0.0,1.0,0.0,0.0,1.0,0.0,0.0,0.0,,0.0,0.0,0.0,,0.0,2.0,2.0,0.0,0.0,0.0,0.0,0.0,0.0,,SAS
18.0,Harrison Ingram,22.0,SF,5,0,7.0,0.4,0.8,0.5,0.0,0.2,0.0,0.4,0.6,0.667,0.5,0.0,0.0,,0.4,1.4,1.8,0.6,0.6,0.0,0.2,0.4,0.8,,SAS
19.0,Jordan McLaughlin,28.0,PG,18,0,6.9,0.8,1.6,0.536,0.5,1.1,0.45,0.3,0.4,0.75,0.696,0.3,0.3,1.0,0.1,0.4,0.5,1.5,0.3,0.1,0.3,0.3,2.5,,SAS
20.0,David Duke Jr.,25.0,SG,6,0,5.7,1.0,2.3,0.429,0.5,1.0,0.5,0.5,1.3,0.375,0.536,0.2,0.3,0.5,0.2,0.7,0.8,0.7,0.2,0.0,0.3,0.2,2.7,,SAS
21.0,Sidy Cissoko,20.0,SF,17,0,3.2,0.5,1.1,0.5,0.2,0.4,0.429,0.4,0.6,0.545,0.583,0.1,0.4,0.167,0.2,0.4,0.6,0.4,0.1,0.0,0.1,0.4,1.3,,SAS
,Team Totals,,,82,82,240.6,41.8,89.8,0.465,14.1,39.6,0.357,27.7,50.2,0.551,0.544,16.2,21.0,0.774,10.9,32.7,43.7,28.6,8.2,5.5,13.9,16.6,113.9,,SAS
1.0,Scottie Barnes,23.0,PF,65,65,32.8,7.3,16.4,0.446,1.2,4.3,0.271,6.1,12.0,0.508,0.482,3.5,4.6,0.755,1.7,6.0,7.7,5.8,1.4,1.0,2.8,1.7,19.3,,TOR
2.0,RJ Barrett,24.0,SF,58,58,32.2,7.9,16.9,0.468,1.8,5.3,0.35,6.1,11.7,0.522,0.523,3.4,5.4,0.63,1.1,5.3,6.3,5.4,0.8,0.3,2.8,2.4,21.1,,TOR
3.0,Jakob Poeltl,29.0,C,57,56,29.6,6.4,10.2,0.627,0.0,0.1,0.333,6.4,10.1,0.628,0.628,1.7,2.5,0.674,3.3,6.3,9.6,2.8,1.2,1.2,1.9,3.1,14.5,,TOR
4.0,Gradey Dick,21.0,SG,54,54,29.4,4.9,12.0,0.41,2.1,6.0,0.35,2.8,5.9,0.47,0.498,2.5,2.9,0.858,0.8,2.8,3.6,1.8,0.9,0.2,1.5,2.2,14.4,,TOR
5.0,Immanuel Quickley,25.0,PG,33,33,27.8,5.6,13.3,0.42,2.6,6.8,0.378,3.0,6.5,0.465,0.517,3.4,3.9,0.867,0.5,3.1,3.5,5.8,0.7,0.1,1.8,1.8,17.1,,TOR
6.0,Ochai Agbaji,24.0,SG,64,45,27.2,4.2,8.3,0.498,1.6,4.0,0.399,2.6,4.4,0.587,0.593,0.5,0.8,0.708,1.0,2.8,3.8,1.5,0.9,0.5,0.8,2.0,10.4,,TOR
7.0,Colin Castleton,24.0,C,11,4,26.2,2.9,5.8,0.5,0.2,0.7,0.25,2.7,5.1,0.536,0.516,1.2,1.6,0.722,3.1,3.8,6.9,1.6,0.5,0.7,1.9,2.9,7.2,,TOR
8.0,Davion Mitchell,26.0,PG,44,22,24.5,2.4,5.5,0.434,1.0,2.7,0.359,1.5,2.9,0.504,0.52,0.6,0.8,0.676,0.4,1.6,1.9,4.6,0.7,0.2,1.8,2.6,6.3,,TOR
9.0,Jared Rhoden,25.0,SG,10,2,21.5,4.0,7.9,0.506,1.2,3.7,0.324,2.8,4.2,0.667,0.582,2.2,2.5,0.88,1.2,2.6,3.8,1.4,0.9,0.2,0.8,1.9,11.4,,TOR
10.0,Ja'Kobe Walter,20.0,SG,52,18,21.2,3.1,7.6,0.405,1.3,3.6,0.349,1.8,4.0,0.454,0.487,1.3,1.6,0.795,1.1,1.9,3.1,1.6,0.8,0.2,1.0,1.8,8.6,,TOR
11.0,Jonathan Mogbo,23.0,PF,63,18,20.4,2.5,5.7,0.438,0.3,1.1,0.243,2.2,4.5,0.486,0.462,1.0,1.3,0.732,1.7,3.2,4.9,2.3,0.9,0.5,1.1,2.2,6.2,,TOR
12.0,Orlando Robinson,24.0,C,35,8,20.4,3.1,7.0,0.447,0.5,1.3,0.34,2.7,5.6,0.472,0.48,1.4,1.8,0.794,2.5,3.4,5.9,1.9,0.4,0.4,1.3,2.7,8.1,,TOR
13.0,Bruce Brown,28.0,PG,18,0,19.6,3.2,7.3,0.435,0.6,2.0,0.306,2.6,5.3,0.484,0.477,1.4,1.6,0.897,0.9,2.8,3.8,1.6,0.9,0.2,1.1,1.4,8.4,,TOR
14.0,Jamal Shead,22.0,PG,75,11,19.6,2.7,6.7,0.405,1.0,3.0,0.323,1.8,3.7,0.47,0.476,0.7,0.9,0.768,0.4,1.1,1.5,4.2,0.8,0.1,1.6,2.1,7.1,,TOR
15.0,Cole Swider,25.0,SF,8,0,19.5,2.8,7.3,0.379,1.9,5.3,0.357,0.9,2.0,0.438,0.509,0.0,0.1,0.0,0.6,2.5,3.1,0.3,0.5,0.3,0.5,1.4,7.4,,TOR
16.0,A.J. Lawson,24.0,SG,26,2,18.7,3.1,7.3,0.421,1.3,3.9,0.327,1.8,3.4,0.528,0.508,1.7,2.4,0.683,0.8,2.5,3.3,1.2,0.5,0.2,0.6,1.7,9.1,,TOR
17.0,Jamison Battle,23.0,SF,59,10,17.7,2.5,5.9,0.429,1.8,4.4,0.405,0.7,1.5,0.5,0.581,0.3,0.3,0.889,0.6,2.1,2.7,0.9,0.3,0.2,0.5,1.6,7.1,,TOR
18.0,Chris Boucher,32.0,PF,50,0,17.2,3.6,7.4,0.492,1.4,3.9,0.363,2.2,3.5,0.633,0.586,1.4,1.7,0.782,1.4,3.1,4.5,0.7,0.5,0.5,0.6,1.4,10.0,,TOR
19.0,Kelly Olynyk,33.0,C,24,2,16.0,2.5,4.9,0.5,0.8,1.8,0.442,1.7,3.1,0.533,0.581,1.4,1.8,0.791,1.0,2.7,3.7,2.3,0.7,0.3,1.5,2.5,7.1,,TOR
20.0,Bruno Fernando,26.0,C,17,2,8.6,1.5,2.9,0.531,0.0,0.0,,1.5,2.9,0.531,0.531,0.4,0.5,0.75,1.2,1.8,3.0,1.1,0.2,0.5,0.8,1.6,3.4,,TOR
21.0,D.J. Carton,24.0,SG,4,0,8.3,0.3,1.8,0.143,0.0,0.8,0.0,0.3,1.0,0.25,0.143,0.3,0.3,1.0,0.0,1.0,1.0,0.8,0.5,0.0,1.0,0.3,0.8,,TOR
22.0,Garrett Temple,38.0,SG,28,0,8.1,0.6,2.1,0.3,0.2,1.0,0.214,0.4,1.1,0.375,0.35,0.4,0.4,0.917,0.3,0.7,1.0,1.1,0.6,0.1,0.4,0.8,1.9,,TOR
23.0,Ulrich Chomche,19.0,PF,7,0,4.6,0.3,0.7,0.4,0.0,0.0,,0.3,0.7,0.4,0.4,0.1,0.3,0.5,0.6,0.6,1.1,0.3,0.0,0.1,0.3,0.7,0.7,,TOR
,Team Totals,,,82,82,241.5,41.6,91.0,0.458,11.8,34.0,0.348,29.8,57.0,0.523,0.522,15.8,21.1,0.748,12.6,32.5,45.1,28.5,8.1,4.2,15.3,21.2,110.9,,TOR
1.0,Keyonte George,21.0,PG,67,35,31.5,5.4,13.7,0.391,2.6,7.6,0.343,2.8,6.1,0.449,0.485,3.5,4.3,0.818,0.4,3.4,3.8,5.6,0.7,0.1,2.7,1.7,16.8,,UTA
2.0,Lauri Markkanen,27.0,PF,47,47,31.4,6.3,14.9,0.423,2.9,8.5,0.346,3.4,6.4,0.525,0.521,3.4,3.9,0.876,1.5,4.4,5.9,1.5,0.7,0.4,1.4,1.7,19.0,,UTA
3.0,John Collins,27.0,PF,40,31,30.5,7.0,13.3,0.527,1.5,3.7,0.399,5.5,9.6,0.577,0.583,3.5,4.1,0.848,2.2,6.0,8.2,2.0,1.0,1.0,2.6,2.9,19.0,,UTA
4.0,Walker Kessler,23.0,C,58,58,30.0,4.8,7.2,0.663,0.1,0.6,0.176,4.7,6.6,0.706,0.671,1.4,2.6,0.52,4.6,7.6,12.2,1.7,0.6,2.4,1.5,2.2,11.1,,UTA
5.0,Collin Sexton,26.0,SG,63,61,27.9,6.6,13.8,0.48,1.7,4.3,0.406,4.9,9.5,0.513,0.543,3.4,4.0,0.865,1.0,1.8,2.7,4.2,0.7,0.1,2.5,2.3,18.4,,UTA
6.0,Jordan Clarkson,32.0,SG,37,9,26.0,5.4,13.3,0.408,2.3,6.3,0.362,3.2,7.1,0.448,0.493,3.1,3.9,0.797,0.7,2.5,3.2,3.7,0.8,0.2,2.3,1.4,16.2,,UTA
7.0,Isaiah Collier,20.0,PG,71,46,25.9,3.3,7.8,0.422,0.6,2.4,0.249,2.7,5.4,0.497,0.459,1.5,2.2,0.682,0.5,2.9,3.3,6.3,0.9,0.2,2.9,2.1,8.7,,UTA
8.0,Taylor Hendricks,21.0,PF,3,3,25.0,1.3,6.0,0.222,1.0,4.0,0.25,0.3,2.0,0.167,0.306,1.0,1.3,0.75,1.7,3.3,5.0,0.7,1.7,1.3,0.7,2.7,4.7,,UTA
9.0,KJ Martin,24.0,SF,19,9,22.7,2.6,5.4,0.49,0.4,1.9,0.189,2.3,3.4,0.662,0.525,0.7,0.9,0.722,0.5,2.3,2.8,1.5,0.3,0.3,0.6,2.1,6.3,,UTA
10.0,Cody Williams,20.0,SG,50,21,21.2,1.7,5.1,0.323,0.7,2.7,0.259,1.0,2.4,0.393,0.391,0.6,0.8,0.725,0.5,1.7,2.3,1.2,0.5,0.3,0.9,1.9,4.6,,UTA
11.0,Kyle Filipowski,21.0,C,72,27,21.1,3.6,7.2,0.502,1.1,3.1,0.35,2.5,4.1,0.614,0.576,1.3,2.0,0.65,1.6,4.6,6.1,1.9,0.7,0.3,1.4,2.4,9.6,,UTA
12.0,Brice Sensabaugh,21.0,SF,71,15,20.2,3.9,8.4,0.459,2.2,5.2,0.422,1.7,3.2,0.52,0.59,0.9,1.0,0.89,0.6,2.4,3.0,1.5,0.6,0.1,1.5,1.6,10.9,,UTA
13.0,Svi Mykhailiuk,27.0,SF,38,13,20.0,3.1,7.9,0.391,1.8,5.3,0.345,1.3,2.6,0.485,0.507,0.7,0.9,0.8,0.6,1.8,2.4,2.0,0.5,0.2,1.4,1.1,8.8,,UTA
14.0,Johnny Juzang,23.0,SG,64,18,19.8,3.2,7.4,0.429,1.8,4.9,0.376,1.3,2.5,0.534,0.554,0.7,0.8,0.849,0.7,2.2,2.9,1.1,0.6,0.1,0.6,2.0,8.9,,UTA
15.0,Micah Potter,26.0,C,38,10,18.6,1.5,3.6,0.422,0.8,2.6,0.316,0.7,1.0,0.703,0.537,0.4,0.5,0.85,1.1,3.2,4.3,0.8,0.4,0.4,0.8,1.3,4.3,,UTA
16.0,Oscar Tshiebwe,25.0,C,14,1,18.2,3.0,5.0,0.6,0.0,0.0,,3.0,5.0,0.6,0.6,1.6,2.2,0.742,3.3,5.4,8.7,0.6,0.9,0.1,0.7,1.7,7.6,,UTA
17.0,Drew Eubanks,27.0,C,37,4,15.4,2.4,3.9,0.607,0.1,0.1,0.6,2.3,3.8,0.607,0.617,1.0,1.5,0.632,1.1,3.5,4.5,1.2,0.3,0.9,0.8,1.2,5.8,,UTA
18.0,Patty Mills,36.0,PG,17,0,15.3,1.5,4.5,0.342,1.0,3.4,0.298,0.5,1.1,0.474,0.454,0.3,0.3,1.0,0.2,1.1,1.2,1.2,0.7,0.2,0.9,0.7,4.4,,UTA
19.0,Elijah Harkless,24.0,SG,10,0,13.8,1.1,3.5,0.314,0.7,2.5,0.28,0.4,1.0,0.4,0.414,0.3,0.6,0.5,0.9,1.2,2.1,0.8,1.0,0.1,0.3,1.8,3.2,,UTA
20.0,Jaden Springer,22.0,PG,17,2,13.2,1.4,3.3,0.411,0.4,1.7,0.207,1.0,1.6,0.63,0.464,0.7,1.0,0.706,0.8,1.2,2.0,1.4,0.7,0.2,0.7,1.5,3.8,,UTA
,Team Totals,,,82,82,241.5,40.3,88.7,0.454,14.0,39.8,0.35,26.4,48.8,0.54,0.533,17.3,22.4,0.774,12.0,33.4,45.4,25.5,6.8,4.4,17.2,18.9,111.9,,UTA
1.0,Bilal Coulibaly,20.0,SF,59,59,33.0,4.5,10.6,0.421,1.1,3.8,0.281,3.4,6.8,0.5,0.472,2.3,3.1,0.746,1.5,3.4,5.0,3.4,1.3,0.7,2.1,2.4,12.3,,WAS
2.0,Bub Carrington,19.0,PG,82,57,30.0,3.7,9.1,0.401,1.7,5.0,0.339,2.0,4.2,0.475,0.493,0.8,1.0,0.812,0.4,3.8,4.2,4.4,0.7,0.3,1.7,2.3,9.8,,WAS
3.0,Jordan Poole,25.0,SG,68,68,29.4,6.7,15.5,0.432,3.5,9.1,0.378,3.3,6.4,0.51,0.544,3.6,4.0,0.883,0.5,2.5,3.0,4.5,1.3,0.4,3.0,3.0,20.5,,WAS
4.0,Kyle Kuzma,29.0,PF,32,30,27.7,6.0,14.2,0.42,1.4,5.0,0.281,4.6,9.2,0.495,0.469,1.8,3.1,0.602,0.8,4.9,5.8,2.5,0.6,0.2,2.3,1.6,15.2,,WAS
5.0,Alex Sarr,19.0,C,67,67,27.1,4.9,12.4,0.394,1.6,5.1,0.308,3.3,7.3,0.454,0.457,1.7,2.5,0.679,1.9,4.6,6.5,2.4,0.7,1.5,1.7,2.2,13.0,,WAS
6.0,AJ Johnson,20.0,SG,22,11,27.0,3.4,8.8,0.381,1.0,3.9,0.247,2.4,5.0,0.486,0.436,1.4,1.6,0.886,0.4,2.0,2.4,3.1,0.5,0.1,1.4,2.3,9.1,,WAS
7.0,Kyshawn George,21.0,SG,68,38,26.5,3.0,8.0,0.372,1.7,5.2,0.322,1.3,2.8,0.464,0.476,1.0,1.4,0.753,0.7,3.5,4.2,2.5,1.0,0.7,1.4,3.0,8.7,,WAS
8.0,Corey Kispert,25.0,SF,61,0,26.3,4.2,9.3,0.451,2.0,5.4,0.364,2.2,3.9,0.574,0.558,1.2,1.4,0.852,0.6,2.4,3.0,1.7,0.4,0.2,1.0,1.6,11.6,,WAS
9.0,Colby Jones,22.0,SG,15,0,25.7,3.2,6.9,0.466,0.8,2.6,0.308,2.4,4.3,0.563,0.524,1.5,2.3,0.657,0.9,3.4,4.3,2.5,1.3,0.4,1.1,1.6,8.7,,WAS
10.0,Malcolm Brogdon,32.0,PG,24,13,23.5,4.3,10.0,0.433,0.7,2.3,0.286,3.7,7.7,0.478,0.467,3.4,3.8,0.88,0.9,2.9,3.8,4.1,0.5,0.2,1.6,1.3,12.7,,WAS
11.0,Khris Middleton,33.0,SF,14,14,22.1,3.7,9.0,0.413,0.9,3.4,0.277,2.8,5.6,0.494,0.464,2.4,2.7,0.868,0.6,3.1,3.7,3.4,1.3,0.2,1.4,1.6,10.7,,WAS
12.0,Justin Champagnie,23.0,SF,62,31,21.6,3.4,6.6,0.511,1.2,3.1,0.383,2.2,3.5,0.624,0.601,0.8,1.2,0.685,1.8,3.9,5.7,1.0,1.0,0.6,0.9,1.8,8.8,,WAS
13.0,Jonas Valančiūnas,32.0,C,49,12,20.1,4.7,8.6,0.547,0.1,0.6,0.259,4.6,8.1,0.567,0.556,1.9,2.2,0.896,2.4,5.8,8.2,2.2,0.4,0.6,1.8,2.0,11.5,,WAS
14.0,JT Thor,22.0,PF,11,0,18.8,1.5,4.0,0.364,0.3,1.4,0.2,1.2,2.6,0.448,0.398,0.7,1.3,0.571,1.5,2.3,3.8,0.5,0.5,0.5,0.3,1.0,3.9,,WAS
15.0,Marcus Smart,30.0,PG,15,1,18.7,3.2,7.3,0.44,1.3,3.4,0.392,1.9,3.9,0.483,0.532,1.6,2.3,0.686,0.3,1.7,1.9,2.5,1.1,0.2,1.3,1.5,9.3,,WAS
16.0,Jaylen Martin,21.0,SF,13,0,18.0,2.3,5.5,0.417,0.5,1.7,0.273,1.8,3.8,0.48,0.458,0.7,0.8,0.9,0.8,2.5,3.4,1.3,0.7,0.0,0.9,1.0,5.8,,WAS
17.0,Richaun Holmes,31.0,PF,31,7,17.2,2.9,4.5,0.647,0.0,0.1,0.0,2.9,4.4,0.662,0.647,1.6,1.9,0.833,2.0,3.7,5.7,1.4,0.3,0.7,0.7,1.6,7.4,,WAS
18.0,Tristan Vukcevic,21.0,C,35,1,14.7,3.4,6.9,0.496,1.1,2.9,0.373,2.3,4.0,0.586,0.574,1.5,1.9,0.776,0.7,3.0,3.7,1.1,0.3,0.7,1.2,1.6,9.4,,WAS
19.0,Jared Butler,24.0,PG,32,0,11.3,2.7,5.5,0.483,0.5,1.3,0.366,2.2,4.2,0.519,0.526,1.1,1.4,0.778,0.4,0.8,1.3,2.6,0.4,0.2,0.9,1.3,6.9,,WAS
20.0,Marvin Bagley III,25.0,C,19,1,8.7,2.0,3.7,0.535,0.1,0.5,0.2,1.9,3.2,0.59,0.549,0.8,1.2,0.652,1.4,1.5,2.9,0.4,0.4,0.3,0.6,0.6,4.9,,WAS
21.0,Anthony Gill,32.0,PF,51,0,7.8,0.8,1.7,0.489,0.2,0.6,0.323,0.6,1.1,0.579,0.545,0.6,1.0,0.66,0.4,0.9,1.3,0.3,0.2,0.0,0.2,0.6,2.5,,WAS
22.0,Johnny Davis,22.0,SG,34,0,7.1,0.9,2.3,0.41,0.2,0.9,0.241,0.7,1.4,0.51,0.455,0.3,0.4,0.6,0.3,0.8,1.1,0.3,0.4,0.2,0.2,0.5,2.4,,WAS
23.0,Patrick Baldwin Jr.,22.0,SF,22,0,4.6,0.8,1.5,0.515,0.5,1.0,0.524,0.3,0.5,0.5,0.682,0.1,0.2,0.5,0.2,0.8,1.0,0.1,0.1,0.1,0.2,0.2,2.1,,WAS
24.0,Jalen McDaniels,27.0,SF,4,0,1.8,0.0,0.0,,0.0,0.0,,0.0,0.0,,,0.0,0.0,,0.0,0.0,0.0,0.3,0.3,0.0,0.0,0.0,0.0,,WAS
,Team Totals,,,82,82,240.6,39.4,89.9,0.439,13.1,39.1,0.335,26.3,50.7,0.519,0.512,16.0,20.6,0.778,10.6,33.1,43.7,25.1,7.6,5.1,15.6,19.7,108.0,,WAS
